系組.代碼,校名,系組名,國文,英文,數學甲,數學乙,歷史,地理,公民與社會,物理,化學,生物,錄取人數..含外加.,普通生錄取分數
1,國立臺灣大學,中國文學系,1.5,1.25,0,1,1.25,1,0,0,0,0,26,485.23 
2,國立臺灣大學,外國語文學系,1.25,2,0,1,1,1,0,0,0,0,60,520.73 
3,國立臺灣大學,歷史學系,1,1,0,0,1,1,1,0,0,0,23,410.30 
4,國立臺灣大學,哲學系,1,1,0,1,1,0,1,0,0,0,17,411.50 
5,國立臺灣大學,人類學系,1,1.25,0,0,1,1,1,0,0,0,22,425.63 
6,國立臺灣大學,圖書資訊學系,1.25,1.25,0,1,1,0,1,0,0,0,22,451.23 
7,國立臺灣大學,日本語文學系,1.5,1.5,0,1,1,1,0,0,0,0,36,483.25 
10,國立臺灣大學,戲劇學系(男),1.5,1.5,0,1,1,1,0,0,0,0,12,472.25 
11,國立臺灣大學,戲劇學系(女),1.5,1.5,0,1,1,1,0,0,0,0,12,479.80 
12,國立臺灣大學,數學系,1,1,1.5,0,0,0,0,1,1,0,19,428.80 
13,國立臺灣大學,物理學系,1,1,1,0,0,0,0,1,1,0,11,405.70 
14,國立臺灣大學,化學系,1,1,1,0,0,0,0,1,1,0,20,393.70 
15,國立臺灣大學,地質科學系,1,1,1,0,0,0,0,1,1,0,16,372.70 
16,國立臺灣大學,心理學系,1,1,1,0,0,0,0,0,1,1,44,378.50 
17,國立臺灣大學,地理環境資源學系A組,1,1,1,0,0,0,0,1,1,0,9,371.30 
20,國立臺灣大學,地理環境資源學系B組,1,1,0,1,1,1,0,0,0,0,10,414.30 
21,國立臺灣大學,大氣科學系,1,1,1,0,0,0,0,1,1,0,21,378.20 
22,國立臺灣大學,政治學系政治理論組,1.25,1.25,0,1,1,1,0,0,0,0,33,448.65 
23,國立臺灣大學,政治學系國際關係組,1.25,1.25,0,1,1,1,0,0,0,0,31,456.38 
24,國立臺灣大學,政治學系公共行政組,1.25,1.25,0,1,1,1,0,0,0,0,31,451.48 
25,國立臺灣大學,經濟學系,1.5,1.5,0,2,0,0,0,0,0,0,57,432.25 
26,國立臺灣大學,社會學系,1.5,1.5,0,1.5,1,0,1,0,0,0,35,537.85 
27,國立臺灣大學,社會工作學系,1.25,1.25,0,1,1,0,1,0,0,0,28,448.68 
30,國立臺灣大學,醫學系(自費),0,1,1,0,0,0,0,1,1,1,71,450.60 
31,國立臺灣大學,醫學系(公費),0,1,1,0,0,0,0,1,1,1,10,435.12 
32,國立臺灣大學,牙醫學系,0,1,1,0,0,0,0,1,1,1,22,437.70 
33,國立臺灣大學,藥學系,0,1,1,0,0,0,0,1,1,1,20,420.80 
34,國立臺灣大學,醫學檢驗暨生物技術學系,1,1,1,0,0,0,0,0,1,1,24,380.00 
35,國立臺灣大學,護理學系,1,1,1,0,0,0,0,0,1,1,24,368.60 
36,國立臺灣大學,物理治療學系,0,1,1,0,0,0,0,1,1,1,16,414.80 
37,國立臺灣大學,職能治療學系,1.25,1.5,1,0,0,0,0,0,0,1,16,370.68 
40,國立臺灣大學,土木工程學系,1,1,1,0,0,0,0,1,1,0,23,386.50 
41,國立臺灣大學,機械工程學系,1,1,1,0,0,0,0,1,1,0,27,398.10 
42,國立臺灣大學,化學工程學系,1,1,1,0,0,0,0,1,1,0,29,397.80 
43,國立臺灣大學,工程科學及海洋工程學系,1,1,1,0,0,0,0,1,1,0,12,392.90 
44,國立臺灣大學,材料科學與工程學系,1,1,1,0,0,0,0,1,1,0,11,405.60 
45,國立臺灣大學,農藝學系,1,1,1,0,0,0,0,0,1.25,1.25,16,407.53 
46,國立臺灣大學,生物環境系統工程學系,1,1,1,0,0,0,0,1,1,0,20,379.30 
47,國立臺灣大學,農業化學系,0,1,1,0,0,0,0,1,1,1,25,395.80 
50,國立臺灣大學,森林環境暨資源學系,0,1,1,0,0,0,0,1.5,1.5,2,27,542.40 
51,國立臺灣大學,動物科學技術學系,0,1,1,0,0,0,0,1,1,1,23,391.70 
52,國立臺灣大學,農業經濟學系,1.5,2,2,0,0,0,0,0,0,0,24,409.45 
53,國立臺灣大學,園藝暨景觀學系,1,1,0,0,0,0,0,1,1.5,1.5,24,460.65 
54,國立臺灣大學,獸醫學系,1,1,1,0,0,0,0,0,1,1,23,393.30 
55,國立臺灣大學,生物產業傳播暨發展學系,1.5,1.5,0,1.5,1,1,0,0,0,0,27,536.90 
56,國立臺灣大學,生物產業機電工程學系,1,1,1,0,0,0,0,1,1,0,22,385.90 
57,國立臺灣大學,昆蟲學系,0,1,1,0,0,0,0,1,1,1,25,375.40 
60,國立臺灣大學,植物病理與微生物學系,1,1,1,0,0,0,0,0,1,1,23,368.10 
61,國立臺灣大學,工商管理學系企業管理組,1,2,0,2,1,1,0,0,0,0,39,606.30 
62,國立臺灣大學,工商管理學系科技管理組,1,2,2,0,0,0,0,1,1,0,33,538.60 
63,國立臺灣大學,會計學系,1.25,2,0,1.25,1,1,0,0,0,0,76,547.20 
64,國立臺灣大學,財務金融學系,1,1.5,0,2,0,0,0,0,0,0,66,402.30 
65,國立臺灣大學,國際企業學系,1,2,0,2,1,1,0,0,0,0,49,611.30 
66,國立臺灣大學,資訊管理學系,1,1,1,0,0,0,0,1,1,0,13,397.80 
67,國立臺灣大學,公共衛生學系,1,1,1,0,0,0,0,0,1,1,17,375.70 
70,國立臺灣大學,電機工程學系,1,1,1,0,0,0,0,1,1,0,48,413.80 
71,國立臺灣大學,資訊工程學系,1,1,1,0,0,0,0,1,1,0,28,409.30 
72,國立臺灣大學,法律學系法學組,1,1,0,1,1,0,1.25,0,0,0,38,450.30 
73,國立臺灣大學,法律學系司法組,1,1,0,1,1,0,1.25,0,0,0,35,454.50 
74,國立臺灣大學,法律學系財經法學組,1,1,0,1,1,0,1.25,0,0,0,40,459.80 
75,國立臺灣大學,生命科學系,0,1,1,0,0,0,0,1,1,1,42,396.40 
76,國立臺灣大學,生化科技學系,0,1,1,0,0,0,0,1,1,1,30,408.90 
77,國立臺灣師範大學,教育學系(自費),1.5,1.5,0,1,1,1,0,0,0,0,23,449.30 
100,國立臺灣師範大學,教育學系(公費)-新竹縣,1.5,1.5,0,1,1,1,0,0,0,0,1,494.45 
101,國立臺灣師範大學,教育心理與輔導學系,1,1.25,0,1.25,1,0,1,0,0,0,21,434.85 
102,國立臺灣師範大學,社會教育學系,1.5,1.5,0,1.5,1,1,0,0,0,0,20,490.40 
103,國立臺灣師範大學,健康促進與衛生教育學系,1,2,1,0,0,0,0,0,0,2,14,399.20 
104,國立臺灣師範大學,人發與家庭系家庭生活教育組,2,2,0,1.75,0,0,0,0,0,0,9,423.20 
105,國立臺灣師範大學,人發與家庭系幼兒發展教育組,1.75,2,0,1.75,0,0,0,0,0,0,11,406.15 
106,國立臺灣師範大學,人發與家庭系營養科學教育組,1,1.5,1,0,0,0,0,0,1.5,1.5,17,414.75 
107,國立臺灣師範大學,公民教育與活動領導學系,1.25,1.25,0,1,0,0,2,0,0,0,50,415.98 
110,國立臺灣師範大學,特殊教育學系,1.25,1.25,0,1,1,0,1,0,0,0,14,414.95 
111,國立臺灣師範大學,學習科學學士學位學程,1,2,1,0,0,0,0,0,0,0,7,268.80 
112,國立臺灣師範大學,國文學系,2,1.5,0,0,1,1,0,0,0,0,35,408.20 
113,國立臺灣師範大學,英語學系,1.5,2,0,1,0,0,0,0,0,0,34,347.05 
114,國立臺灣師範大學,歷史學系,1.25,1.25,0,1,1.5,1,0,0,0,0,31,453.50 
115,國立臺灣師範大學,地理學系,1,1.25,0,1,1,1.5,0,0,0,0,43,437.08 
116,國立臺灣師範大學,臺灣語文學系,2,1.75,0,0,1.5,1,1,0,0,0,8,540.50 
117,國立臺灣師範大學,數學系,1,1,2,0,0,0,0,1.5,1,0,29,420.70 
120,國立臺灣師範大學,物理學系,1,1,1.5,0,0,0,0,1.5,1,0,12,405.55 
121,國立臺灣師範大學,化學系,1,1.25,1,0,0,0,0,1.5,1.75,0,46,438.78 
122,國立臺灣師範大學,生命科學系,1,1.25,1,0,0,0,0,0,1.25,1.5,28,405.58 
123,國立臺灣師範大學,地球科學系,0,1,2,0,0,0,0,2,1.5,0,23,420.05 
124,國立臺灣師範大學,資訊工程學系,1,1,1,0,0,0,0,1,1,0,12,345.20 
130,國立臺灣師範大學,設計學系產品設計組,1,1.5,1.5,0,0,0,0,1.5,0,0,5,369.15 
131,國立臺灣師範大學,工業教育學系能源應用組,1,1.5,1.5,0,0,0,0,0,0,0,1,271.65 
132,國立臺灣師範大學,科技應用與人力資源發展學系,1,1.25,1.25,0,0,0,0,1,1,0,34,339.70 
133,國立臺灣師範大學,圖文傳播學系,1.25,1.25,1,0,0,0,0,1,1,0,13,348.45 
134,國立臺灣師範大學,機電工程學系,1,1.5,2,0,0,0,0,2,1,0,21,499.15 
135,國立臺灣師範大學,電機工程學系,1,1.5,1.5,0,0,0,0,1.5,1,0,20,443.25 
137,國立臺灣師範大學,華語文教學系應用華語文學組,2,2,0,0,1,1,0,0,0,0,18,450.90 
140,國立臺灣師範大學,東亞學系政治與經濟組,2,2,0,1.5,0,0,1,0,0,0,12,492.40 
141,國立臺灣師範大學,東亞學系漢學與文化組,2,2,0,0,1.5,1,0,0,0,0,9,492.15 
142,國立臺灣師範大學,企業管理學系,1.5,2,0,2,0,0,0,0,0,0,21,438.65 
144,國立中興大學,中國文學系,2,1.5,0,0,1.25,0,0,0,0,0,21,338.58 
145,國立中興大學,外國語文學系,1,2,0,1,1,1,0,0,0,0,39,449.80 
146,國立中興大學,歷史學系,1,1,0,1,1.5,1,0,0,0,0,20,411.80 
147,國立中興大學,財務金融學系,1,2,0,2,0,0,0,0,0,0,24,399.90 
150,國立中興大學,企業管理學系,1,2,0,2,0,0,0,0,0,0,15,393.10 
151,國立中興大學,法律學系,1.5,1.5,0,1,1,0,1,0,0,0,23,461.90 
152,國立中興大學,行銷學系,1,2,0,2,0,0,0,0,0,0,14,393.10 
153,國立中興大學,資訊管理學系,1,2,2,0,0,0,0,0,0,0,20,327.20 
154,國立中興大學,會計學系,1,2,0,2,1,1,0,0,0,0,20,550.90 
155,國立中興大學,應用經濟學系,1,2,1.5,0,0,0,0,0,0,0,13,293.60 
156,國立中興大學,化學系,1,1.5,2,0,0,0,0,1,2,0,22,485.25 
157,國立中興大學,物理學系一般物理組,1,1.5,1.5,0,0,0,0,1.5,1,0,10,422.30 
160,國立中興大學,物理學系光電物理組,1,1.5,1.5,0,0,0,0,1.5,1,0,5,430.05 
161,國立中興大學,應用數學系,1,1.5,2,0,0,0,0,1.5,1,0,52,432.10 
162,國立中興大學,資訊科學與工程學系,1,1,1.5,0,0,0,0,1,1,0,16,369.00 
163,國立中興大學,機械工程學系,1,1.5,2,0,0,0,0,2,1,0,57,487.40 
164,國立中興大學,土木工程學系,1,1.5,2,0,0,0,0,2,1,0,55,471.60 
165,國立中興大學,環境工程學系,1,1,1.5,0,0,0,0,1.5,1.5,0,16,418.50 
166,國立中興大學,電機工程學系,1,1,1,0,0,0,0,1,1,0,36,336.10 
167,國立中興大學,化學工程學系,1,1,1,0,0,0,0,1,1,0,27,327.30 
170,國立中興大學,材料科學與工程學系,1,1,1,0,0,0,0,1,1,0,32,331.80 
171,國立中興大學,水土保持學系,1,1.5,2,0,0,0,0,2,1,0,29,457.20 
172,國立中興大學,生物產業機電工程學系,1,1,1,0,0,0,0,1,1,0,35,317.10 
173,國立中興大學,農藝學系,1,1.5,1,0,0,0,0,0,1.5,1.5,22,403.60 
174,國立中興大學,園藝學系,1,1.5,1,0,0,0,0,0,1.5,2,22,437.50 
175,國立中興大學,森林學系林學組,0,1.5,1,0,0,0,0,1,1,1.5,19,359.20 
176,國立中興大學,森林學系木材科學組,0,1.5,1,0,0,0,0,1.25,1.5,1,18,357.55 
177,國立中興大學,植物病理學系,1,1.5,1,0,0,0,0,0,1.5,1.5,26,412.40 
200,國立中興大學,昆蟲學系,1,1.5,1,0,0,0,0,0,1.5,1.5,20,385.70 
201,國立中興大學,動物科學系,1,1.5,1,0,0,0,0,0,1.5,1.5,27,429.10 
202,國立中興大學,土壤環境科學系,0,2,1,0,0,0,0,1,2,2,26,473.00 
203,國立中興大學,食品暨應用生物科技學系,1,1.5,1,0,0,0,0,0,1.5,1.5,30,416.45 
204,國立中興大學,生物科技學士學位學程,1,1.5,0,0,0,0,0,1,1.5,1.5,17,444.15 
205,國立中興大學,景觀與遊憩學士學位學程,1,1.5,1.5,0,0,0,0,1,0,0,16,301.15 
206,國立中興大學,國際農企業學士學位學程,1,2,1,0,0,0,0,0,0,1,4,327.50 
207,國立中興大學,生命科學系,1,1.25,1,0,0,0,0,0,1.75,1.75,23,438.95 
210,國立中興大學,獸醫學系,1,1.5,1,0,0,0,0,0,1.5,1.5,21,505.55 
211,國立成功大學,中國文學系,1.5,1,0,1,1,1,0,0,0,0,35,412.00 
212,國立成功大學,外國語文學系,1.5,2,0,1,1,1,0,0,0,0,39,497.55 
213,國立成功大學,歷史學系,1.25,1.25,0,0,1.5,1,0,0,0,0,33,379.15 
214,國立成功大學,台灣文學系,2,2,0,1,1,1,0,0,0,0,31,504.80 
215,國立成功大學,數學系,0,1.5,2,0,0,0,0,1.5,0,0,17,365.45 
216,國立成功大學,物理學系,1,1,1.5,0,0,0,0,1.5,1,0,27,429.25 
217,國立成功大學,化學系,1,1,1.25,0,0,0,0,1.25,1.5,0,47,428.35 
220,國立成功大學,地球科學系,1,1,1,0,0,0,0,1,1,0,32,334.50 
221,國立成功大學,光電科學與工程學系,1,1,1,0,0,0,0,1,1,0,23,364.50 
222,國立成功大學,機械工程學系,1,1,1,0,0,0,0,1,1,0,81,356.30 
223,國立成功大學,化學工程學系,1,1,1,0,0,0,0,1,1,0,64,360.70 
224,國立成功大學,材料科學及工程學系,1,1,1,0,0,0,0,1,1,0,31,370.40 
225,國立成功大學,資源工程學系,1,1,1,0,0,0,0,1,1,0,29,342.00 
226,國立成功大學,土木工程學系,1,1,1,0,0,0,0,1,1,0,48,346.80 
227,國立成功大學,水利及海洋工程學系,1,1.25,1.75,0,0,0,0,1.5,1,0,34,440.50 
230,國立成功大學,工程科學系,1,1,1,0,0,0,0,1,1,0,22,356.20 
231,國立成功大學,系統及船舶機電工程學系,1,1,1,0,0,0,0,1,1,0,24,347.80 
232,國立成功大學,航空太空工程學系,1,1,1,0,0,0,0,1,1,0,26,355.50 
233,國立成功大學,環境工程學系,1,1,1,0,0,0,0,1,1,0,25,345.70 
234,國立成功大學,測量及空間資訊學系,1,1,1,0,0,0,0,1,1,0,23,336.60 
235,國立成功大學,生物醫學工程學系,1,1,1,0,0,0,0,1,1,0,17,357.10 
236,國立成功大學,工業與資訊管理學系,1,1,1,0,0,0,0,1,1,0,21,351.30 
237,國立成功大學,交通管理科學系,1,1,1,0,0,0,0,1,1,0,26,339.40 
240,國立成功大學,企業管理學系,1,1,0,1,0,0,0,0,0,0,42,238.00 
241,國立成功大學,統計學系,1,1.5,1.5,0,0,0,0,0,0,0,33,276.55 
242,國立成功大學,會計學系,1,2,0,2,1,1,0,0,0,0,31,572.50 
243,國立成功大學,醫學系(自費),0,1,1,0,0,0,0,1,1,1,30,442.90 
244,國立成功大學,醫學系(公費),0,1,1,0,0,0,0,1,1,1,8,423.40 
245,國立成功大學,醫學檢驗生物技術學系,1,1.25,1,0,0,0,0,0,1.25,1.25,25,420.60 
246,國立成功大學,護理學系,1,1.25,1,0,0,0,0,0,1,1,25,363.33 
247,國立成功大學,職能治療學系,1,1,1,0,0,0,0,1,0,1,17,370.70 
250,國立成功大學,物理治療學系,1,1.25,1,0,0,0,0,1,0,1,22,392.18 
251,國立成功大學,藥學系,1,1,1,0,0,0,0,0,1.25,1,14,414.85 
252,國立成功大學,政治學系,1.25,1.25,0,1,1,0,1,0,0,0,31,422.55 
253,國立成功大學,經濟學系,1.5,2,0,2,0,0,0,0,0,0,34,443.30 
254,國立成功大學,法律學系,1,1,0,1,1,0,1,0,0,0,45,399.20 
255,國立成功大學,心理學系,1,1.5,1.5,0,0,0,0,0,1,1,40,418.05 
256,國立成功大學,電機工程學系,1,1,1,0,0,0,0,1,1,0,48,385.50 
257,國立成功大學,資訊工程學系,1,1,1,0,0,0,0,1,1,0,38,376.80 
260,國立成功大學,建築學系,1.25,1,1.25,0,0,0,0,1.25,1,0,23,431.43 
261,國立成功大學,都市計劃學系,1.5,1.5,1.5,0,0,0,0,1,1,0,23,433.00 
262,國立成功大學,工業設計學系,1,1.5,1,0,0,0,0,1.5,1,0,34,428.05 
263,國立成功大學,生命科學系,0,1.25,1,0,0,0,0,1,1.5,1.5,26,451.53 
264,國立成功大學,生物科技與產業科學系,0,1.25,1,0,0,0,0,1,1.5,1.5,25,447.85 
265,國立成功大學,大一全校不分系學士學位學程,1,1,1,0,0,0,0,1,1,0,3,382.00 
266,東吳大學,中國文學系,2,1,0,1,0,0,0,0,0,0,74,212.30 
267,東吳大學,歷史學系,2,1.5,0,0,2,0,0,0,0,0,22,361.75 
270,東吳大學,哲學系,2,2,0,2,1,0,1,0,0,0,15,471.50 
271,東吳大學,政治學系,1.5,1.5,0,1,0,0,1.5,0,0,0,45,369.45 
272,東吳大學,社會學系,1.5,1.5,0,1,0,0,1.5,0,0,0,59,340.65 
273,東吳大學,社會工作學系,1.5,1.5,0,1,0,0,1.5,0,0,0,52,320.25 
300,東吳大學,英文學系,1.5,2,0,1,0,0,0,0,0,0,64,278.75 
301,東吳大學,日本語文學系,1.5,1.5,0,1,1,1,0,0,0,0,58,397.70 
302,東吳大學,德國文化學系,1.5,2,0,1,0,0,0,0,0,0,21,289.60 
303,東吳大學,數學系,1.5,1.5,2,0,0,0,0,0,0,0,27,172.65 
304,東吳大學,物理學系,1,1.75,1.75,0,0,0,0,2,1,0,11,249.70 
305,東吳大學,化學系,1,1,1.5,0,0,0,0,1.5,2,0,24,243.70 
306,東吳大學,微生物學系應用微生物組,1,2,0,0,0,0,0,0,2,1.5,9,369.40 
307,東吳大學,微生物學系生物科技組,1,2,0,0,0,0,0,0,1.5,2,9,353.80 
310,東吳大學,心理學系,1,2,1.5,0,0,0,0,0,0,0,20,234.80 
311,東吳大學,法律學系,1,1,0,1,1,0,1.5,0,0,0,97,418.90 
312,東吳大學,經濟學系,1.5,2,0,2,0,0,0,0,0,0,84,365.95 
313,東吳大學,會計學系,1.5,2,0,1.5,1,1,0,0,0,0,77,510.80 
314,東吳大學,企業管理學系,1,1.5,0,1.5,0,0,0,0,0,0,91,268.75 
315,東吳大學,國際經營與貿易學系,1,2,0,1.5,0,0,0,0,0,0,58,324.60 
316,東吳大學,財務工程與精算數學系,1,1,0,2,0,0,0,0,0,0,67,285.50 
317,東吳大學,資訊管理學系,1.75,2,0,2,0,0,0,0,0,0,43,376.75 
320,東吳大學,巨量資料管理學院學位學程,1.5,1.5,0,2,0,0,0,0,0,0,27,355.75 
321,國立政治大學,中國文學系,1.5,1.25,0,1,1,0,0,0,0,0,58,363.00 
322,國立政治大學,歷史學系,1,1,0,1,1.5,1,0,0,0,0,29,436.60 
323,國立政治大學,哲學系,1.25,1.25,0,1.25,1,0,1,0,0,0,19,450.18 
324,國立政治大學,教育學系(自費),1.5,1.5,0,1.25,1,1,0,0,0,0,27,483.55 
325,國立政治大學,教育學系(公費)-新竹縣,1.5,2,0,1.25,1,1,0,0,0,0,1,564.85 
326,國立政治大學,政治學系,1.5,1.5,0,1.25,0,0,1,0,0,0,22,414.85 
327,國立政治大學,社會學系,1.5,1.5,0,1.5,0,0,1,0,0,0,26,435.10 
330,國立政治大學,財政學系,1,1.5,0,1.5,0,0,0,0,0,0,40,331.60 
331,國立政治大學,公共行政學系,1,1.5,0,1.25,0,0,1.25,0,0,0,27,404.25 
332,國立政治大學,地政學系土地資源規劃組,1.5,1.5,0,1.5,1,1,0,0,0,0,30,514.95 
333,國立政治大學,地政學系土地管理組,1.5,1.5,0,1.5,1,1,0,0,0,0,33,518.30 
334,國立政治大學,地政學系土地測量與資訊組,1.25,1.5,2,0,0,0,0,1,1,0,26,444.78 
335,國立政治大學,經濟學系,1,1.5,0,1.5,0,0,0,0,0,0,57,330.30 
336,國立政治大學,民族學系,1,1,0,0,0,0,1.25,0,0,0,25,242.00 
337,國立政治大學,外交學系,1.5,1.75,0,1.25,1,1,0,0,0,0,27,520.88 
340,國立政治大學,國際經營與貿易學系,1.5,2,0,2,0,0,0,0,0,0,42,463.00 
341,國立政治大學,金融學系,1,1.5,0,2,0,0,0,0,0,0,27,390.60 
342,國立政治大學,會計學系,1.5,2,0,2,1,1,0,0,0,0,58,621.25 
343,國立政治大學,統計學系社會組,1.5,1.5,0,2,1,1,0,0,0,0,13,577.85 
344,國立政治大學,統計學系自然組,1.5,1.5,2,0,0,0,0,1,1,0,8,492.15 
345,國立政治大學,企業管理學系,1,2,0,2,0,0,0,0,0,0,50,424.00 
346,國立政治大學,資訊管理學系社會組,1,2,0,2,0,0,0,0,0,0,33,420.70 
347,國立政治大學,資訊管理學系自然組,1,2,2,0,0,0,0,0,0,0,33,350.90 
350,國立政治大學,財務管理學系,1,2,0,2,0,0,0,0,0,0,28,437.70 
351,國立政治大學,風險管理與保險學系,1,1.5,0,1.5,0,0,0,0,0,0,26,334.20 
352,國立政治大學,傳播學院大一大二不分系,1.5,1.5,0,1,1,0,1,0,0,0,81,477.05 
353,國立政治大學,英國語文學系,1.5,2,0,1,1,1,0,0,0,0,40,514.90 
354,國立政治大學,阿拉伯語文學系,1.5,1.5,0,1,1.25,1,0,0,0,0,22,481.45 
355,國立政治大學,斯拉夫語文學系,1.5,1.5,0,1,1,1,0,0,0,0,40,462.05 
356,國立政治大學,日本語文學系,1.5,1.5,0,1,1,1,0,0,0,0,19,470.90 
357,國立政治大學,韓國語文學系,1.5,1.5,0,1,1,1,0,0,0,0,20,467.65 
360,國立政治大學,土耳其語文學系,2,2,0,1,1,1,0,0,0,0,13,533.20 
361,國立政治大學,歐洲語文學系法文組,1.5,1.5,0,1,1,1,0,0,0,0,11,472.05 
362,國立政治大學,歐洲語文學系德文組,1.5,1.5,0,1,1,1,0,0,0,0,10,474.35 
363,國立政治大學,歐洲語文學系西班牙文組,1.5,1.5,0,1,1,1,0,0,0,0,11,473.10 
364,國立政治大學,東南亞語言與文化學位學程,1.5,1.5,0,1,1,1,0,0,0,0,17,463.85 
365,國立政治大學,法律學系,1,2,0,1,1,0,1,0,0,0,84,494.30 
366,國立政治大學,應用數學系,1,1,1.5,0,0,0,0,1,1,0,23,370.10 
367,國立政治大學,心理學系,1,1.25,1,0,0,0,0,0,0,0,21,231.00 
370,國立政治大學,資訊科學系,1,1.5,1.5,0,0,0,0,1,1,0,30,416.25 
371,高雄醫學大學,醫學系(自費),0,1,1,0,0,0,0,1,1,1,70,427.30 
372,高雄醫學大學,醫學系(公費),0,1,1,0,0,0,0,1,1,1,9,422.80 
373,高雄醫學大學,運動醫學系,1,1.25,0,0,0,0,0,1,1.25,1.25,21,337.25 
374,高雄醫學大學,呼吸治療學系,1,1,0,0,0,0,0,1,1,1,24,328.40 
375,高雄醫學大學,牙醫學系,1,0,1,0,0,0,0,1,1,1,62,401.70 
376,高雄醫學大學,口腔衛生學系,1.25,1.5,1,0,0,0,0,0,1,1.5,30,337.38 
377,高雄醫學大學,藥學系,1,1,0,0,0,0,0,1,1.25,1.25,38,443.50 
400,高雄醫學大學,香菻~學系,1,2,1,0,0,0,0,0,1.5,1.5,29,389.80 
401,高雄醫學大學,護理學系,1.25,1.5,1,0,0,0,0,0,1,1.5,39,355.63 
402,高雄醫學大學,醫學檢驗生物技術學系,1,1.25,1,0,0,0,0,0,1.25,1.25,21,396.03 
403,高雄醫學大學,醫學影像暨放射科學系,0,1,1,0,0,0,0,1.25,1.25,1.25,19,385.98 
404,高雄醫學大學,公共衛生學系,1,2,2,0,0,0,0,0,1,1.5,30,386.35 
405,高雄醫學大學,心理學系,2,2,1.5,0,0,0,0,0,0,1,25,409.60 
406,高雄醫學大學,職能治療學系,1.5,1.5,0,0,0,0,0,1,0,1.5,30,393.80 
407,高雄醫學大學,物理治療學系,1,1.5,1.5,0,0,0,0,1,0,1.5,19,459.20 
410,高雄醫學大學,醫學社會學與社會工作學系,2,2,1.75,0,0,0,0,0,0,1,37,325.75 
411,高雄醫學大學,醫務管理暨醫療資訊學系,2,2,2,0,0,0,0,1,0,1,18,409.20 
412,高雄醫學大學,醫藥暨應用化學系醫藥化學組,1,1.5,1.5,0,0,0,0,1,1.5,0,24,382.25 
413,高雄醫學大學,醫藥暨應用化學系應用化學組,1,1.5,1.5,0,0,0,0,1,1.5,0,31,364.05 
414,高雄醫學大學,生物醫學暨環境生物學系,1,1.5,1,0,0,0,0,0,1.25,1.5,21,359.93 
415,高雄醫學大學,生物科技學系,1,1.25,1,0,0,0,0,0,1.25,1.75,22,375.45 
416,中原大學,應用數學系,1.25,1.25,2,0,0,0,0,0,0,0,17,158.50 
417,中原大學,物理學系物理組,0,1,1.5,0,0,0,0,2,0,0,17,170.50 
420,中原大學,物理學系光電與材料科學組,0,1,1.5,0,0,0,0,2,0,0,16,166.80 
421,中原大學,化學系化學組,0,1,1.5,0,0,0,0,1.5,2,0,17,262.70 
422,中原大學,化學系材料化學組,0,1,1.5,0,0,0,0,1.5,2,0,16,260.20 
423,中原大學,心理學系,1.5,2,2,0,0,0,0,0,0,0,37,249.90 
424,中原大學,生物科技學系,0,1.75,0,0,0,0,0,0,2,2,21,277.10 
425,中原大學,化學工程學系綠能製程組,1,1.5,1.5,0,0,0,0,1.5,1,0,10,271.70 
426,中原大學,化學工程學系生化工程組,1,1.5,1.5,0,0,0,0,1.5,1,0,11,301.25 
427,中原大學,化學工程學系材料工程組,1,1.5,1.5,0,0,0,0,1.5,1,0,12,343.25 
430,中原大學,土木工程學系,2,1,1,0,0,0,0,2,0,0,61,226.70 
431,中原大學,機械工程學系,2,1,2,0,0,0,0,2,1,0,14,368.50 
432,中原大學,生物醫學工程學系,0,1,2,0,0,0,0,2,2,0,34,258.70 
433,中原大學,環境工程學系,2,1.5,1,0,0,0,0,1,2,0,20,299.90 
434,中原大學,電機資訊學院學士班,0,1,1,0,0,0,0,1,0,0,21,142.00 
435,中原大學,工業與系統工程學系工程組,2,2,2,0,0,0,0,1,0,0,15,258.00 
436,中原大學,工業與系統工程學系管理組,2,2,0,1.5,0,0,0,0,0,0,7,287.80 
437,中原大學,電子工程學系,1,1,1,0,0,0,0,1,1,0,27,213.80 
440,中原大學,資訊工程學系,1,1,1,0,0,0,0,1,0,0,16,205.90 
441,中原大學,電機工程學系,1,1,1,0,0,0,0,1,0,0,17,221.40 
442,中原大學,商學院不分系,1.75,2,0,2,1,1,0,0,0,0,50,408.33 
443,中原大學,企業管理學系服務業管理組,2,2,0,1.75,1,1,0,0,0,0,17,403.80 
444,中原大學,企業管理學系高科技業管理組,1.75,2,0,2,1,1,0,0,0,0,19,403.18 
445,中原大學,企業管理學系工商管理組,2,2,0,1.75,1,1,0,0,0,0,23,396.30 
446,中原大學,國際經營與貿易學系,1.75,2,0,2,0,0,0,0,0,0,31,300.88 
447,中原大學,會計學系,1.75,2,0,2,1,1,0,0,0,0,19,450.98 
450,中原大學,資訊管理學系,1.75,2,0,2,0,0,0,0,0,0,32,298.63 
451,中原大學,財務金融學系,1.75,2,0,2,1,1,0,0,0,0,56,424.23 
452,中原大學,財經法律學系,1.5,1.5,0,1.5,1,0,1,0,0,0,40,412.10 
453,中原大學,建築學系,1.75,1.75,2,0,0,0,0,1,1,0,22,424.83 
454,中原大學,室內設計學系,2,1,0,1,2,1.5,0,0,0,0,24,484.30 
455,中原大學,商業設計學系,2,2,0,1,1.5,1,0,0,0,0,38,431.50 
456,中原大學,景觀學系,1,1.5,0,1,2,2,0,0,0,0,14,466.45 
457,中原大學,特殊教育學系,1.5,1.5,0,1.5,1,1,0,0,0,0,29,311.45 
460,中原大學,應用外國語文學系,1.5,2,0,0,1,1,0,0,0,0,39,305.40 
461,中原大學,應用華語文學系,2,1.75,0,0,1.25,1,0,0,0,0,21,318.30 
462,東海大學,中國文學系,2,1.75,0,0,2,0,0,0,0,0,65,294.28 
463,東海大學,外國語文學系,1.5,2,0,0,1.5,0,0,0,0,0,54,285.80 
464,東海大學,歷史學系,2,1.75,0,0,2,0,0,0,0,0,25,306.85 
465,東海大學,日本語言文化學系,1.5,1.5,0,1,1,1,0,0,0,0,28,330.50 
466,東海大學,哲學系,2,1.5,0,1,1,0,1.75,0,0,0,27,347.95 
467,東海大學,應用物理學系(A組),1,1,1,0,0,0,0,0,0,0,4,105.50 
470,東海大學,應用物理學系(B組),1,1,0,1,0,0,0,0,0,0,3,127.90 
471,東海大學,化學系化學組,1,1.5,1.5,0,0,0,0,1,2,0,21,243.50 
472,東海大學,化學系化學生物組(A組),1,1.5,1.5,0,0,0,0,1,2,0,8,259.60 
473,東海大學,化學系化學生物組(B組),1,1.5,1,0,0,0,0,0,2,1.5,8,309.90 
474,東海大學,生命科學系生物醫學組,1.75,2,0,0,0,0,0,0,1,2,14,343.20 
475,東海大學,生命科學系生態生物多樣性組,1.75,2,0,0,0,0,0,0,0,2,20,286.25 
476,東海大學,應用數學系(A組),1.75,1.75,2,0,0,0,0,0,0,0,12,184.25 
477,東海大學,應用數學系(B組),2,1.5,0,2,0,0,0,0,0,0,12,252.45 
500,東海大學,化工與材工系(製程及能源組),1,1,2,0,0,0,0,1,2,0,15,226.90 
501,東海大學,化工與材工系(材料工程組),1,1,2,0,0,0,0,1,2,0,17,232.10 
502,東海大學,化工與材工系(生化工程組),1,1,1,0,0,0,0,0,1,1,15,181.90 
503,東海大學,工業工程與經營資訊系(A組),2,2,2,0,0,0,0,1,0,0,22,236.40 
504,東海大學,工業工程與經營資訊系(B組),2,2,0,1.75,0,0,0,0,0,0,35,248.20 
505,東海大學,環境科學與工程系(自然A組),2,1.5,1,0,0,0,0,0,2,0,17,232.70 
506,東海大學,環境科學與工程系(自然B組),2,1.5,1,0,0,0,0,0,0,2,8,260.70 
507,東海大學,資訊工程學系資電工程組,1.5,2,2,0,0,0,0,0,0,0,10,219.00 
510,東海大學,資訊工程學系數位創意組,2,2,0,1.5,0,0,0,0,0,0,3,292.00 
511,東海大學,資訊工程學系軟體工程組,1.5,2,2,0,0,0,0,0,0,0,25,227.35 
512,東海大學,電機系IC設計與無線通訊組,1.5,2,2,0,0,0,0,0,0,0,11,216.35 
513,東海大學,電機系奈米電子與能源技術組,1.5,2,2,0,0,0,0,0,0,0,10,207.10 
514,東海大學,企管系(行銷與數位經營組),1.5,2,0,1.5,0,0,0,0,0,0,25,247.55 
515,東海大學,企管系(永續與服務創新組),1.5,2,0,1.5,0,0,0,0,0,0,18,232.70 
516,東海大學,企管系(創業與組織領導組),1.5,2,0,1.5,0,0,0,0,0,0,25,245.90 
517,東海大學,國際經營與貿易學系,1.5,2,0,1.5,0,0,0,0,0,0,119,234.10 
520,東海大學,會計學系,1.75,2,0,2,1,1,0,0,0,0,66,443.98 
521,東海大學,財務金融學系,1.75,2,0,2,0,0,0,0,0,0,56,316.68 
522,東海大學,統計系(大數據與資料科學組),1,1.5,2,0,0,0,0,0,0,0,20,140.85 
523,東海大學,統計系(大數據與決策管理組),1,1.5,0,2,0,0,0,0,0,0,6,238.90 
524,東海大學,資管系(物聯網與大數據組),2,2,0,1.75,0,0,0,0,0,0,12,298.45 
525,東海大學,資管系(數位行銷與商務組),2,2,0,1.75,0,0,0,0,0,0,15,286.20 
526,東海大學,經濟學系一般經濟組,1.5,1.5,0,1.5,1,1,0,0,0,0,79,323.50 
527,東海大學,經濟學系產業經濟組,1.5,1.5,0,1.5,1,1,0,0,0,0,42,318.05 
530,東海大學,政治學系政治理論組,1.75,2,0,0,0,0,2,0,0,0,31,284.33 
531,東海大學,政治學系國際關係組,1.75,2,0,0,0,0,2,0,0,0,31,300.90 
532,東海大學,行政管理暨政策學系,2,2,0,0,0,0,1.5,0,0,0,27,299.20 
533,東海大學,社會學系,2,1.5,0,1,0,0,1.5,0,0,0,62,288.35 
534,東海大學,社會工作學系,2,2,0,0,0,0,1.75,0,0,0,46,300.00 
535,東海大學,畜產與生物科技學系(A組),1,1,0,0,0,0,0,0,0,2,9,220.00 
536,東海大學,畜產與生物科技學系(B組),1,1,0,0,0,0,0,0,2,0,8,177.40 
537,東海大學,畜產與生物科技學系(C組),1,1,0,2,0,0,0,0,0,0,8,234.90 
540,東海大學,食品科學系(A組),1,1.5,0,0,0,0,0,0,2,0,25,202.70 
541,東海大學,食品科學系(B組),1,1.5,0,0,0,0,0,0,0,2,12,224.15 
542,東海大學,餐旅管理學系,2,2,0,1.5,1,1,0,0,0,0,15,407.00 
547,東海大學,建築學系,1.5,2,1.75,0,0,0,0,1,1,0,15,470.25 
550,東海大學,工業設計學系,2,2,1.75,0,0,0,0,1,0,0,23,336.05 
551,東海大學,景觀學系(社會組),2,2,0,1,0,0,0,0,0,0,6,285.00 
552,東海大學,景觀學系(自然A組),2,2,1,0,0,0,0,0,0,0,3,262.60 
553,東海大學,景觀學系(自然B組),2,2,0,0,0,0,0,0,0,1.5,4,291.50 
554,東海大學,法律學系,1.5,1.5,0,1,1,0,1,0,0,0,73,395.70 
555,東海大學,國際經管學位學程(英語專班),1.25,2,0,1,0,0,0,0,0,0,5,277.20 
556,東海大學,永續科學與工程學士學位學程,0,2,1,0,0,0,0,1,1,0,31,132.40 
557,國立清華大學,中國文學系甲組(一般組),1.5,1.25,0,1,1,1,0,0,0,0,13,435.43 
560,國立清華大學,中國文學系乙組(華語教學組),1.5,1.5,0,1,1,1,0,0,0,0,6,455.75 
561,國立清華大學,外國語文學系,1,2,0,1,1,1,0,0,0,0,26,472.80 
562,國立清華大學,人文社會學院學士班,1.5,1.5,0,1,1,0,1,0,0,0,33,460.40 
563,國立清華大學,教育與學習科技學系(自費),2,1.5,0,2,0,0,0,0,0,0,30,410.40 
564,國立清華大學,教育與學習科技系(公費新竹),1.5,2,0,2,0,0,0,0,0,0,1,475.35 
565,國立清華大學,幼兒教育學系(自費),1.25,1,0,1,1,1,0,0,0,0,38,373.33 
566,國立清華大學,幼兒教育學系(公費)-新竹市,2,2,0,2,1,1,0,0,0,0,1,647.10 
567,國立清華大學,特殊教育學系,2,2,0,1.25,1,0,1,0,0,0,20,513.00 
570,國立清華大學,教育心理與諮商學系,1.5,2,0,1.5,0,0,0,0,0,0,18,379.20 
571,國立清華大學,環境與文化資源學系,1,1.5,0,1,1.5,1.5,0,0,0,0,24,491.45 
572,國立清華大學,英語教學系,1.5,2,0,1.5,1,1,0,0,0,0,26,514.35 
573,國立清華大學,經濟學系第1組,1,2,0,2,1,1,0,0,0,0,23,573.40 
574,國立清華大學,經濟學系第2組,1,2,0,2,0,0,0,0,0,0,25,416.40 
575,國立清華大學,科技管理學院學士班,1.5,2,1.5,0,0,0,0,1,1,0,8,513.35 
576,國立清華大學,計量財務金融學系甲組,1,1.5,1.5,0,0,0,0,0,0,0,17,295.55 
577,國立清華大學,計量財務金融學系乙組,1,1.5,0,1.5,0,0,0,0,0,0,18,336.80 
600,國立清華大學,數學系數學組,1,1.25,1.5,0,0,0,0,1.5,1,0,15,461.45 
601,國立清華大學,數學系應用數學組,1,1.25,1.5,0,0,0,0,1.5,1,0,7,471.75 
602,國立清華大學,物理學系物理組(一般組),1,1,1,0,0,0,0,1,1,0,17,375.30 
603,國立清華大學,物理學系物理組(天文物理組),1,1,1,0,0,0,0,1,1,0,3,380.20 
604,國立清華大學,物理學系光電物理組,1,1,1,0,0,0,0,1,1,0,15,373.80 
605,國立清華大學,化學系,1,1,1,0,0,0,0,1,1,0,27,369.80 
606,國立清華大學,理學院學士班,1,1,1,0,0,0,0,1,1,0,5,377.90 
607,國立清華大學,生醫工程與環境科學系,1,1,1,0,0,0,0,1,1,0,11,366.20 
610,國立清華大學,工程與系統科學系甲組,1,1,1,0,0,0,0,1,1,0,8,372.90 
611,國立清華大學,工程與系統科學系乙組,1,1,1,0,0,0,0,1,1,0,8,372.00 
612,國立清華大學,原子科學院學士班,1,1,1,0,0,0,0,1,1,0,5,369.90 
613,國立清華大學,化學工程學系,1,1,1,0,0,0,0,1,1,0,33,377.90 
614,國立清華大學,動力機械工程學系甲組,1,1,1,0,0,0,0,1,1,0,3,389.00 
615,國立清華大學,動力機械工程學系乙組,1,1,1,0,0,0,0,1,1,0,8,383.80 
616,國立清華大學,材料科學工程學系甲組,1,1,1,0,0,0,0,1,1,0,3,396.70 
617,國立清華大學,材料科學工程學系乙組,1,1,1,0,0,0,0,1,1,0,39,381.00 
620,國立清華大學,工業工程與工程管理學系,1,1.5,1.5,0,0,0,0,1,1,0,11,440.55 
621,國立清華大學,工學院學士班,1,1,1,0,0,0,0,1,1,0,11,384.30 
622,國立清華大學,電機工程學系甲組,1,1,1,0,0,0,0,1,1,0,4,404.80 
623,國立清華大學,電機工程學系乙組,1,1.5,1.5,0,0,0,0,1.5,1,0,7,526.50 
624,國立清華大學,資訊工程系甲組(電子資訊組),1,1,1,0,0,0,0,1,1,0,5,398.00 
625,國立清華大學,資訊工程系乙組(資訊工程組),1,1,1,0,0,0,0,1,1,0,17,386.60 
626,國立清華大學,電機資訊學院學士班,1,1.5,2,0,0,0,0,1.5,1,0,10,555.85 
627,國立清華大學,生命科學系,0,1.25,1,0,0,0,0,1,1.25,1.25,17,428.35 
630,國立清華大學,醫學科學系,0,1.5,1,0,0,0,0,1,1.5,1.5,20,500.95 
631,國立清華大學,生命科學院學士班,0,1,1,0,0,0,0,1,1,1,9,374.50 
632,中國醫藥大學,牙醫學系,0,1,1,0,0,0,0,1,1,1,31,422.00 
633,中國醫藥大學,醫學系,0,1,1,0,0,0,0,1,1,1,33,428.20 
634,中國醫藥大學,中醫學系甲組,1,1,1.5,0,0,0,0,0,1,1,14,447.10 
635,中國醫藥大學,中醫學系乙組,1,1,1.5,0,0,0,0,0,1,1,14,441.70 
636,中國醫藥大學,藥學系,1,1,1,0,0,0,0,0,1,1,70,379.60 
637,中國醫藥大學,公共衛生學院大一不分系,2,2,2,0,0,0,0,0,1,1,16,459.80 
640,中國醫藥大學,護理學系,1,2,1,0,0,0,0,0,1.5,1.5,34,399.00 
641,中國醫藥大學,醫學檢驗生物技術學系,0,1,0,0,0,0,0,0,1.5,1.75,22,309.13 
642,中國醫藥大學,營養學系,1,2,1,0,0,0,0,0,2,2,14,525.00 
643,中國醫藥大學,物理治療學系,1,1.5,1,0,0,0,0,1,0,1.25,23,405.98 
644,中國醫藥大學,生物科技學系,1,1.25,1,0,0,0,0,0,1.25,1.5,11,368.60 
645,中國醫藥大學,運動醫學系,0,2,1,0,0,0,0,1.25,1,1.5,17,385.35 
646,中國醫藥大學,中國藥學暨中藥資源學系,1,1.5,1,0,0,0,0,0,1.5,1.5,21,422.90 
647,中國醫藥大學,藥用化妝品學系,1,1.5,1,0,0,0,0,0,1.5,1.5,14,393.75 
650,中國醫藥大學,生物醫學影像暨放射科學學系,0,1.5,2,0,0,0,0,1.5,1,1,4,483.75 
651,國立交通大學,電機資訊學士班,1,1.5,2,0,0,0,0,2,1,0,7,616.90 
652,國立交通大學,奈米科學及工程學士學位學程,1,1,1,0,0,0,0,1,1,0,7,374.30 
653,國立交通大學,電子工程學系甲組,1,1,1,0,0,0,0,1,1,0,4,403.00 
654,國立交通大學,電子工程學系乙組,1,1.5,2,0,0,0,0,2,1,0,11,601.30 
655,國立交通大學,電機工程學系甲組,1,1,1,0,0,0,0,1,1,0,4,406.00 
656,國立交通大學,電機工程學系乙組,0,1,2,0,0,0,0,2,1.5,0,7,555.50 
657,國立交通大學,光電工程學系,1,1.5,1.5,0,0,0,0,1.5,1,0,10,499.45 
660,國立交通大學,資訊工程學系資電工程組,1,1,1,0,0,0,0,1,1,0,12,393.50 
661,國立交通大學,資訊工程學系資訊工程組,1,1,1,0,0,0,0,1,1,0,26,389.20 
662,國立交通大學,資訊工程學系網路與多媒體組,1,1,1,0,0,0,0,1,1,0,18,384.80 
663,國立交通大學,材料科學與工程學系,1,1,1,0,0,0,0,1,1,0,22,377.00 
664,國立交通大學,機械工程學系,1,1,1,0,0,0,0,1,1,0,51,367.40 
665,國立交通大學,土木工程學系,1,1,1,0,0,0,0,1,1,0,52,351.90 
666,國立交通大學,理學院科學學士學位學程甲組,1,1,1,0,0,0,0,1,1,0,8,371.20 
667,國立交通大學,電子物理學系光電奈米科學組,1,1,1,0,0,0,0,1,1,0,3,378.80 
670,國立交通大學,電子物理學系電子物理組,1,1,1,0,0,0,0,1,1,0,11,374.70 
671,國立交通大學,應用化學系,1,1,1,0,0,0,0,1,1,0,18,362.90 
672,國立交通大學,應用數學系,1,1,1.5,0,0,0,0,1,1,0,23,395.70 
673,國立交通大學,生物科技學系,0,1.25,1,0,0,0,0,1,1.5,1.5,19,455.68 
674,國立交通大學,資管與財金學系資訊管理組,1,2,2,0,0,0,0,0,0,0,3,384.90 
675,國立交通大學,資管與財金學系財務金融組,1,2,0,2,0,0,0,0,0,0,4,434.50 
676,國立交通大學,管理科學系,1,2,0,2,0,0,0,0,0,0,21,415.00 
677,國立交通大學,運輸與物流管理學系,1,1.5,1.5,0,0,0,0,1,0,0,18,352.90 
700,國立交通大學,工業工程與管理學系,1,1.5,1.5,0,0,0,0,1,1,0,34,427.15 
701,國立交通大學,外國語文學系,1.5,2,0,1,1,1,0,0,0,0,16,501.60 
702,國立交通大學,傳播與科技學系,1.5,1.5,0,1,1,1,0,0,0,0,17,463.15 
703,國立交通大學,人文社會學系,1,1,0,1,1,0,1,0,0,0,25,384.10 
704,淡江大學,中國文學學系,2,1,0,0,1.5,0,0,0,0,0,86,238.40 
705,淡江大學,歷史學系,1.5,1,0,0,1.5,0,0,0,0,0,92,211.95 
706,淡江大學,資訊與圖書館學系,2,2,0,1.5,1,0,0,0,0,0,41,307.50 
707,淡江大學,大眾傳播學系,1.5,1.5,0,0,1,1,1,0,0,0,35,372.65 
710,淡江大學,資訊傳播學系,1.5,1.5,0,1.5,1,1,0,0,0,0,40,366.00 
711,淡江大學,教育科技學系,2,2,0,1.5,0,0,0,0,0,0,53,247.00 
712,淡江大學,英文學系,1,2,0,0,1,0,0,0,0,0,103,228.80 
713,淡江大學,法國語文學系,2,2,0,0,1,1,0,0,0,0,82,331.90 
714,淡江大學,德國語文學系,1.5,2,0,0,1,1,0,0,0,0,31,333.50 
715,淡江大學,西班牙語文學系,1,2,0,0,1,1,0,0,0,0,54,290.50 
716,淡江大學,日本語文學系,1.5,1.5,0,1,1.5,1,0,0,0,0,89,376.65 
717,淡江大學,俄國語文學系,2,2,0,0,1,0,0,0,0,0,27,268.80 
720,淡江大學,商管學院全球財管學位學程,1,2,0,2,0,0,0,0,0,0,7,342.60 
721,淡江大學,財務金融學系,1.5,2,0,2,0,0,0,0,0,0,52,349.10 
722,淡江大學,產業經濟學系,1.5,2,0,2,0,0,0,0,0,0,47,299.95 
723,淡江大學,國際企業學系經貿管理組,1.5,2,0,2,0,0,0,0,0,0,34,345.60 
724,淡江大學,國際企業系國際商學全英語組,1,2,0,1.5,0,0,0,0,0,0,30,291.40 
725,淡江大學,保險學系,1.5,2,0,2,0,0,0,0,0,0,40,267.65 
726,淡江大學,經濟學系,1.5,2,0,2,0,0,0,0,0,0,80,312.55 
727,淡江大學,會計學系,1.5,2,0,2,0,0,0,0,0,0,57,343.05 
730,淡江大學,企業管理學系,1.5,2,0,2,0,0,0,0,0,0,83,318.80 
731,淡江大學,統計學系,1.5,2,0,2,0,0,0,0,0,0,75,285.80 
732,淡江大學,資訊管理學系,1.5,2,0,2,0,0,0,0,0,0,80,297.30 
733,淡江大學,運輸管理學系,1.5,2,0,2,0,0,0,0,0,0,39,290.90 
734,淡江大學,公共行政學系,1.5,2,0,0,1,0,1,0,0,0,63,306.60 
735,淡江大學,管理科學學系(事業經營組),1.5,2,0,2,0,0,0,0,0,0,25,288.90 
736,淡江大學,管理科學學系(行銷與流通組),1.5,2,0,2,0,0,0,0,0,0,25,290.50 
737,淡江大學,外交與國際關係學系全英語班,1.5,2,0,0,1.5,0,0,0,0,0,3,356.35 
740,淡江大學,理學院尖端材料科學學位學程,1,1,2,0,0,0,0,1.5,1.5,0,33,192.55 
741,淡江大學,數學學系數學組,1.5,1,2,0,0,0,0,1.5,0,0,36,158.25 
742,淡江大學,數學系資料科學與數理統計組,1.5,1,2,0,0,0,0,1.5,0,0,35,158.55 
743,淡江大學,化學學系化學與生物化學組,1,1,2,0,0,0,0,2,2,0,34,248.30 
744,淡江大學,化學學系材料化學組,1,1,2,0,0,0,0,2,2,0,30,267.20 
745,淡江大學,物理學系光電物理組,1,0,0,0,0,0,0,2,1.5,0,30,157.40 
746,淡江大學,物理學系應用物理組,1,0,0,0,0,0,0,2,1.5,0,33,146.50 
747,淡江大學,建築學系,1.5,2,1.5,0,0,0,0,1,1,0,27,370.65 
750,淡江大學,土木工程學系工程設施組,2,0,1,0,0,0,0,1.5,0,0,70,141.30 
751,淡江大學,土木工程學系營建企業組,2,0,1,0,0,0,0,1.5,0,0,25,152.20 
752,淡江大學,資訊工程學系,2,2,2,0,0,0,0,1,1,0,62,343.70 
753,淡江大學,機械機電工程系光機電整合組,1.5,1,2,0,0,0,0,2,1,0,26,286.80 
754,淡江大學,機械與機電工程系精密機械組,1.5,1,2,0,0,0,0,2,1,0,28,263.20 
755,淡江大學,電機工程學系電機資訊組,1.5,1,2,0,0,0,0,2,1,0,16,366.20 
756,淡江大學,電機工程學系電機通訊組,1.5,1,2,0,0,0,0,2,1,0,29,327.55 
757,淡江大學,電機工程學系電機與系統組,1.5,1,2,0,0,0,0,2,1,0,17,392.90 
760,淡江大學,化學工程與材料工程學系,2,1,1.5,0,0,0,0,1,2,0,69,251.80 
761,淡江大學,航空太空工程學系,1,2,2,0,0,0,0,2,1,0,40,305.70 
762,淡江大學,水資源及環境工程系水資源組,2,0,1.5,0,0,0,0,1,0,0,27,142.50 
763,淡江大學,水資源環境工程系環境工程組,2,0,1.5,0,0,0,0,0,1,0,32,147.60 
764,淡江大學,資訊創新與科技系軟體工程組,1,2,2,0,0,0,0,0,0,0,22,131.10 
765,淡江大學,資訊創新與科技系應用資訊組,1,2,0,2,0,0,0,0,0,0,26,184.50 
766,淡江大學,國際觀光管理學系全英語班,1,2,0,0,0,1,0,0,0,0,76,157.90 
767,淡江大學,英美語言文化學系全英語班,1,2,0,0,1,0,0,0,0,0,33,180.80 
770,淡江大學,全球政治經濟學系全英語班,1,2,0,0,1,0,0,0,0,0,6,219.50 
771,逢甲大學,中國文學系,2,1,0,0,1.25,0,0,0,0,0,9,218.20 
772,逢甲大學,外國語文學系,1.5,2,0,0,1.25,0,0,0,0,0,53,245.48 
773,逢甲大學,會計學系,2,2,0,2,1,1,0,0,0,0,61,423.30 
774,逢甲大學,國際經營與貿易學系,1.25,2,0,1.5,1,1,0,0,0,0,42,350.00 
775,逢甲大學,國際經營與貿易系國企管理班,1.25,2,0,1.5,1,1,0,0,0,0,6,399.50 
776,逢甲大學,財稅學系,1.5,2,0,2,1,1,0,0,0,0,24,380.35 
777,逢甲大學,合作經濟暨社會事業經營學系,1.5,2,0,2,1,1,0,0,0,0,9,371.55 
1000,逢甲大學,統計學系,1.5,1.75,0,2,0,0,0,0,0,0,56,230.83 
1001,逢甲大學,經濟學系,1.5,2,0,2,1,1,0,0,0,0,38,366.60 
1002,逢甲大學,企業管理學系,2,2,0,1.75,1,1,0,0,0,0,20,399.05 
1003,逢甲大學,行銷學系,2,2,0,1.75,0,0,0,0,0,0,11,326.30 
1004,逢甲大學,財務金融學系,1,1.5,0,1.5,0,0,0,0,0,0,43,211.70 
1005,逢甲大學,風險管理與保險學系,1,1.5,0,1,0,0,0,0,0,0,29,147.65 
1006,逢甲大學,財務工程與精算學士學位學程,1,1,0,1.5,0,0,0,0,0,0,16,180.20 
1007,逢甲大學,機械與電腦輔助工程學系,2,0,1.5,0,0,0,0,1.5,0,0,30,188.45 
1010,逢甲大學,纖維與複合材料學系,2,1,2,0,0,0,0,1,2,0,23,249.50 
1011,逢甲大學,工業工程與系統管理學系A組,2,2,1,0,0,0,0,0,0,0,15,185.60 
1012,逢甲大學,工業工程與系統管理學系B組,2,2,0,1,0,0,0,0,0,0,15,216.40 
1013,逢甲大學,化學工程學系,2,1,2,0,0,0,0,1,2,0,32,305.40 
1014,逢甲大學,航太與系統工程學系,2,1,2,0,0,0,0,2,1,0,21,353.50 
1015,逢甲大學,精密系統設計學士學位學程,2,0,1.5,0,0,0,0,2,0,0,12,188.50 
1016,逢甲大學,應用數學系A組,1.75,1.75,2,0,0,0,0,0,0,0,9,183.65 
1017,逢甲大學,應用數學系B組,1.75,1.75,0,2,0,0,0,0,0,0,18,235.30 
1020,逢甲大學,材料科學與工程學系,1,1,1,0,0,0,0,1,1,0,48,170.30 
1021,逢甲大學,環境工程與科學學系,2,0,1.75,0,0,0,0,0,2,0,31,198.40 
1022,逢甲大學,光電學系A組,2,1.5,1.5,0,0,0,0,0,0,0,34,174.25 
1023,逢甲大學,光電學系B組,2,1.5,0,1.5,0,0,0,0,0,0,8,229.05 
1024,逢甲大學,資訊工程學系甲組,2,1,1.5,0,0,0,0,1.75,0,0,23,295.43 
1025,逢甲大學,資訊工程學系乙組,2,1.5,0,1.5,0,0,0,0,0,0,23,268.35 
1026,逢甲大學,電子工程學系甲組,2,1,1,0,0,0,0,1.5,0,0,7,252.15 
1027,逢甲大學,電子工程學系乙組,2,1,0,1.75,0,0,0,0,0,0,7,248.55 
1030,逢甲大學,電機工程學系甲組,2,1,1.5,0,0,0,0,1.5,0,0,16,290.50 
1031,逢甲大學,電機工程學系乙組,1.5,1.25,0,1.5,0,0,0,0,0,0,16,225.58 
1032,逢甲大學,自動控制工程學系,2,1,1,0,0,0,0,1,0,0,20,190.90 
1033,逢甲大學,資訊電機學院不分系甲組,2,1,1,0,0,0,0,1.5,0,0,15,250.75 
1034,逢甲大學,資訊電機學院不分系乙組,2,1.25,0,1.5,0,0,0,0,0,0,14,240.43 
1035,逢甲大學,通訊工程學系,2,1,1,0,0,0,0,1,0,0,21,186.80 
1036,逢甲大學,土木工程學系,2,0,1.5,0,0,0,0,2,0,0,30,204.30 
1037,逢甲大學,水利工程與資源保育學系,2,2,0,1,0,0,0,0,0,0,20,213.20 
1040,逢甲大學,都計與空間資訊系都市計畫組,2,1,0,1,1,2,0,0,0,0,19,380.40 
1041,逢甲大學,都計與空間資訊系空間資訊組,2,1,0,1,1,2,0,0,0,0,15,372.10 
1042,逢甲大學,運輸與物流學系,2,2,0,1.75,0,0,0,0,0,0,26,256.60 
1043,逢甲大學,土地管理學系,1.5,1,0,1,1,1.5,0,0,0,0,57,299.45 
1044,逢甲大學,建築專業學院學士班,2,2,1.75,0,0,0,0,1,0,0,22,321.15 
1045,國立中央大學,中國文學系,2,1.5,0,0,1.5,1,0,0,0,0,29,435.00 
1046,國立中央大學,英美語文學系,1.5,2,0,0,1.25,1,0,0,0,0,39,435.35 
1047,國立中央大學,法國語文學系,1.5,2,0,0,1.25,1,1,0,0,0,27,507.00 
1050,國立中央大學,企業管理學系,1.5,2,0,2,0,0,0,0,0,0,58,425.75 
1051,國立中央大學,財務金融學系,1,1.5,0,1.5,0,0,0,0,0,0,23,323.10 
1052,國立中央大學,經濟學系,1.25,2,0,2,0,0,0,0,0,0,22,420.48 
1053,國立中央大學,數學系,1,1.25,1.5,0,0,0,0,1.25,1,0,32,390.63 
1054,國立中央大學,物理學系,1,1,1.5,0,0,0,0,1.5,1,0,30,411.45 
1055,國立中央大學,化學學系,1,1,1.25,0,0,0,0,1.25,1.5,0,14,417.08 
1056,國立中央大學,生命科學系,1,1,1,0,0,0,0,0,1.25,1.5,25,376.45 
1057,國立中央大學,光電科學與工程學系,1,2,2,0,0,0,0,2,1,0,15,558.30 
1060,國立中央大學,大氣科學學系大氣組,1,1,2,0,0,0,0,2,1,0,12,470.30 
1061,國立中央大學,大氣科學學系太空組,1,1,2,0,0,0,0,2,1,0,13,471.40 
1062,國立中央大學,地球科學學系,1,1.5,2,0,0,0,0,2,1,0,21,486.45 
1063,國立中央大學,化學工程與材料工程學系,1,1,1,0,0,0,0,1,1,0,18,351.60 
1064,國立中央大學,土木工程學系,1,1.5,2,0,0,0,0,2,1,0,47,494.20 
1065,國立中央大學,機械工程學系光機電工程組,1,1.5,2,0,0,0,0,2,1,0,25,523.00 
1066,國立中央大學,機械工程學系材料精密製造組,1,1.5,2,0,0,0,0,2,1,0,27,514.60 
1067,國立中央大學,機械工程學系設計與分析組,1,1.5,2,0,0,0,0,2,1,0,22,511.00 
1070,國立中央大學,資訊管理學系,1.5,2,2,0,0,0,0,0,0,0,48,364.75 
1071,國立中央大學,電機工程學系,1,1,1,0,0,0,0,1,1,0,23,361.20 
1072,國立中央大學,資訊工程學系,1,1,1,0,0,0,0,1,0,0,33,285.80 
1073,國立中央大學,通訊工程學系,1,1,1,0,0,0,0,1,0,0,18,276.80 
1074,國立中央大學,理學院學士班,1,1,1.5,0,0,0,0,1.25,1.25,0,8,412.80 
1075,國立中央大學,客家語文暨社會科學學系,1.5,1,0,1,1,0,1.5,0,0,0,6,447.80 
1076,國立中央大學,生醫科學與工程學系,0,1,0,0,0,0,0,1.25,1.25,0,5,272.88 
1077,中國文化大學,哲學系,2,1.5,0,0,2,0,0,0,0,0,35,216.10 
1100,中國文化大學,中國文學系中國文學組,2,2,0,0,2,1,0,0,0,0,76,269.60 
1101,中國文化大學,中國文學系文藝創作組,2,2,0,0,2,1,0,0,0,0,47,270.80 
1102,中國文化大學,史學系,2,2,0,0,2,1,1,0,0,0,44,344.40 
1103,中國文化大學,日本語文學系,2,1.5,0,0,2,1,0,0,0,0,75,315.95 
1104,中國文化大學,韓國語文學系,2,2,0,0,1,1,0,0,0,0,34,284.20 
1105,中國文化大學,俄國語文學系,2,2,0,0,1,1,0,0,0,0,34,242.70 
1106,中國文化大學,英國語文學系,1.5,2,0,0,1,1,0,0,0,0,27,157.50 
1107,中國文化大學,法國語文學系,2,2,0,0,1,1,0,0,0,0,31,263.10 
1110,中國文化大學,德國語文學系,2,2,0,1,1,1,0,0,0,0,44,270.80 
1111,中國文化大學,應用數學系,1,1.5,2,0,0,0,0,1.5,1,0,24,105.55 
1112,中國文化大學,光電物理學系,1,1.5,2,0,0,0,0,2,1,0,26,116.70 
1113,中國文化大學,化學系,1.5,1,1.5,0,0,0,0,1,2,0,16,176.50 
1114,中國文化大學,地理學系A組,1,2,1,0,0,0,0,1,1,0,10,120.70 
1115,中國文化大學,地理學系B組,1,2,0,1,1,2,0,0,0,0,10,333.20 
1116,中國文化大學,大氣科學系,1,1.5,2,0,0,0,0,1.5,1,0,27,136.05 
1117,中國文化大學,地質學系,1,1.5,1,0,0,0,0,1.75,2,0,27,113.40 
1120,中國文化大學,生命科學系,1,1.5,1,0,0,0,0,0,1.5,2,27,224.30 
1121,中國文化大學,法律學系法學組,1.5,1.5,0,0,1,1,1,0,0,0,97,301.75 
1122,中國文化大學,法律學系財經法律組,1.5,1.5,0,0,1,1,1,0,0,0,68,292.40 
1123,中國文化大學,政治學系,1.5,1,0,0,1.5,0,0,0,0,0,41,172.85 
1124,中國文化大學,經濟學系,1.75,2,0,2,1,1,0,0,0,0,84,262.15 
1125,中國文化大學,勞工關係學系勞資關係組,2,1.5,0,0,2,0,0,0,0,0,47,207.40 
1126,中國文化大學,勞工關係學系人力資源組,2,1.5,0,0,2,0,0,0,0,0,36,209.80 
1127,中國文化大學,社會福利學系,1.5,1.5,0,1.5,1,0,1,0,0,0,78,244.00 
1130,中國文化大學,行政管理學系,1.5,1.5,0,0,1,0,1.5,0,0,0,67,245.30 
1131,中國文化大學,園藝暨生物技術學系,1,2,1,0,0,0,0,0,2,2,14,232.50 
1132,中國文化大學,動物科學系,1,2,0,0,0,0,0,0,2,2,23,236.40 
1133,中國文化大學,森林暨自然保育學系,2,2,0,1,0,2,0,0,0,0,20,255.60 
1134,中國文化大學,土地資源學系,2,2,0,1.75,0,0,0,0,0,0,22,165.50 
1135,中國文化大學,生活應用科學系,2,2,0,1,2,1,0,0,0,0,22,306.80 
1136,中國文化大學,保健營養學系,2,1,0,0,0,0,0,0,2,2,25,260.60 
1137,中國文化大學,化學工程與材料工程學系,2,1,2,0,0,0,0,1,2,0,50,168.70 
1140,中國文化大學,電機工程學系A組,2,2,2,0,0,0,0,1,1,0,27,212.00 
1141,中國文化大學,電機工程學系B組,2,2,1,0,0,0,0,2,1,0,26,204.60 
1142,中國文化大學,機械工程學系,2,1,2,0,0,0,0,2,1,0,48,163.90 
1143,中國文化大學,紡織工程學系A組,2,2,1,0,0,0,0,1,2,0,6,193.90 
1144,中國文化大學,紡織工程學系B組,2,2,0,1,2,1,0,0,0,0,6,320.80 
1145,中國文化大學,資訊工程學系A組,2,1,2,0,0,0,0,2,1,0,19,238.80 
1146,中國文化大學,資訊工程學系B組,2,1,0,2,2,1,0,0,0,0,18,349.60 
1147,中國文化大學,國際貿易學系,2,2,0,2,1,1,0,0,0,0,80,279.40 
1150,中國文化大學,國際企業管理學系,1,2,0,1,1,1,0,0,0,0,130,209.60 
1151,中國文化大學,會計學系,2,2,0,1,2,1,0,0,0,0,69,310.40 
1152,中國文化大學,觀光事業學系,1.5,2,0,1,1,1.5,0,0,0,0,60,284.85 
1153,中國文化大學,資訊管理學系,1,1.5,0,1.5,1,2,0,0,0,0,86,265.75 
1154,中國文化大學,財務金融學系金融行銷組,1,2,0,0,2,2,0,0,0,0,37,309.60 
1155,中國文化大學,財務金融學系財務金融組,1.5,2,0,2,1,1,0,0,0,0,46,287.25 
1156,中國文化大學,全球商務學士學位學程,1,2,0,1,1,1,0,0,0,0,1,207.20 
1157,中國文化大學,新聞學系,2,2,0,1,1,0,2,0,0,0,65,345.20 
1160,中國文化大學,廣告學系,2,2,0,1,0,0,1,0,0,0,55,246.60 
1161,中國文化大學,資訊傳播學系,1.5,2,0,2,0,0,0,0,0,0,41,190.60 
1162,中國文化大學,大眾傳播學系,2,1,0,1,2,0,2,0,0,0,61,401.40 
1165,中國文化大學,音樂學系B組,2,1.5,0,0,1,0,0,0,0,0,3,247.65 
1166,中國文化大學,戲劇學系,2,1,0,0,1,1,0,0,0,0,4,327.50 
1167,中國文化大學,都市計劃與開發管理學系,1.5,2,0,1,1,1.5,0,0,0,0,36,255.00 
1170,中國文化大學,建築及都市設計學系,2,2,0,1.5,0,0,0,0,0,0,22,214.20 
1171,中國文化大學,景觀學系,2,2,0,1,0,0,0,0,0,0,26,183.00 
1172,中國文化大學,教育學系,2,1.5,0,0,0,0,1.5,0,0,0,20,220.20 
1173,中國文化大學,體育學系,2,2,0,0,0,0,0,0,0,1,2,208.80 
1174,中國文化大學,心理輔導學系,2,2,0,1.75,0,0,0,0,0,0,35,218.30 
1175,中國文化大學,運動與健康促進學系,2,2,0,0,0,0,0,0,0,1.5,5,209.20 
1176,靜宜大學,英國語文學系(外貿英文組),1.5,2,0,0,1.5,0,0,0,0,0,13,233.20 
1177,靜宜大學,英國語文學系(口筆譯組),1.5,2,0,0,1.5,0,0,0,0,0,13,205.55 
1200,靜宜大學,英國語文學系(中小學師資組),1.5,2,0,0,1.5,0,0,0,0,0,14,196.40 
1201,靜宜大學,西班牙語文學系,2,1.5,0,0,1,1,0,0,0,0,40,247.50 
1202,靜宜大學,日本語文學系,2,1,0,0,1.5,1.5,0,0,0,0,59,303.75 
1203,靜宜大學,中國文學系,2,0,0,0,2,1,0,0,0,0,56,257.00 
1204,靜宜大學,社會工作與兒童少年福利學系,2,1,0,0,2,1,0,0,0,0,29,307.80 
1205,靜宜大學,台灣文學系,2,0,0,0,1.25,1.25,0,0,0,0,35,215.10 
1206,靜宜大學,法律學系,2,1,0,1,0,0,1,0,0,0,20,256.10 
1207,靜宜大學,生態人文學系,2,2,0,0,1.5,0,0,0,0,0,9,222.40 
1210,靜宜大學,大眾傳播學系,1.75,2,0,1,0,0,1.75,0,0,0,32,282.18 
1211,靜宜大學,財務與計算數學系計算數學組,2,1.5,0,2,0,0,0,0,0,0,8,205.25 
1212,靜宜大學,財務與計算數學系財務工程組,2,1.5,0,2,0,0,0,0,0,0,6,210.35 
1213,靜宜大學,應用化學系,2,1.5,0,0,0,0,0,0,2,0,18,190.25 
1214,靜宜大學,食品營養學系營養與保健組,2,1,0,0,0,0,0,0,2,2,19,303.00 
1215,靜宜大學,食品營養學系食品生物技術組,2,1,0,0,0,0,0,0,2,2,14,284.30 
1216,靜宜大學,化菻~科學系,2,1,0,0,0,0,0,0,2,0,20,197.70 
1217,靜宜大學,統計資訊學系,1.5,1.5,0,2,0,0,0,0,0,0,6,194.90 
1220,靜宜大學,企業管理學系,2,0,0,0,2,1,2,0,0,0,52,379.40 
1221,靜宜大學,國際企業學系(經營與行銷組),1.5,1.5,0,0,1,0,1,0,0,0,23,232.95 
1222,靜宜大學,國際企業學系(貿易與運籌組),1.5,1.5,0,0,1,1,0,0,0,0,22,231.00 
1223,靜宜大學,會計學系,2,1.5,0,1.5,1,1,0,0,0,0,47,289.70 
1224,靜宜大學,觀光事業學系(甲組),2,0,0,0,1,2,2,0,0,0,16,387.70 
1225,靜宜大學,觀光事業學系(乙組),2,0,0,1,2,2,0,0,0,0,15,352.20 
1226,靜宜大學,觀光事業學系(丙組),2,1,0,0,2,2,0,0,0,0,15,348.20 
1227,靜宜大學,財務金融學系(金融管理組),1.5,1.25,0,1,1.5,0,0,0,0,0,25,221.98 
1230,靜宜大學,財務金融學系(投資管理組),1.5,1,0,1.25,0,1.5,0,0,0,0,25,225.95 
1231,靜宜大學,資訊管理系(應用軟體開發組),2,2,0,1.75,0,0,0,0,0,0,13,214.85 
1232,靜宜大學,資訊管理系(行動雲端商務組),2,0,0,2,1,1,0,0,0,0,15,273.80 
1233,靜宜大學,資訊管理學系(商業智慧組),2,2,0,0,1,1,0,0,0,0,13,265.10 
1234,靜宜大學,資訊工程系(電子系統設計組),2,1.5,0,2,0,0,0,0,0,0,11,218.10 
1235,靜宜大學,資訊工程系(網路雲端運算組),2,1.5,0,2,0,0,0,0,0,0,10,206.35 
1236,靜宜大學,資訊工程系(智慧生活服務組),2,0,0,2,0,0,1.5,0,0,0,10,239.40 
1237,靜宜大學,資傳工程系(網路與多媒體組),2,1,0,2,0,0,0,0,0,0,10,195.60 
1240,靜宜大學,資訊傳播工程系(遊戲設計組),2,1,0,2,0,0,0,0,0,0,12,199.80 
1241,靜宜大學,資訊傳播工程系(動畫設計組),2,0,0,1,0,0,2,0,0,0,10,241.00 
1242,靜宜大學,寰宇管理學士學位學程,1.25,2,0,1,0,0,0,0,0,0,21,137.30 
1243,靜宜大學,寰宇外語教育學士學位學程,1,2,0,0,1,0,0,0,0,0,9,170.60 
1244,大同大學,機械工程學系電子機械組(甲),2,1.75,2,0,0,0,0,0,0,0,17,172.20 
1245,大同大學,機械工程學系電子機械組(乙),2,1.75,0,2,0,0,0,0,0,0,6,233.40 
1246,大同大學,機械工程學系精密機械組(甲),2,1.75,2,0,0,0,0,0,0,0,8,173.25 
1247,大同大學,機械工程學系精密機械組(乙),2,1.75,0,2,0,0,0,0,0,0,4,266.55 
1250,大同大學,電機工程學系電機與系統組,2,1,2,0,0,0,0,0,0,0,26,162.10 
1251,大同大學,電機工程學系電子與通訊組,2,1,2,0,0,0,0,0,0,0,18,155.50 
1252,大同大學,化學工程學系,2,1.75,0,0,0,0,0,0,2,0,17,215.85 
1253,大同大學,工業設計學系(自然一組),2,2,1,0,0,0,0,0,0,0,15,205.20 
1254,大同大學,工業設計學系(自然二組),0,2,1,0,0,0,0,2,0,0,10,177.40 
1255,大同大學,工業設計學系(社會一組),2,2,0,1,0,0,0,0,0,0,17,249.20 
1256,大同大學,工業設計學系(社會二組),0,2,0,0,2,1,0,0,0,0,17,285.60 
1257,大同大學,事業經營學系(甲組),1,2,0,0,1,1,0,0,0,0,34,232.10 
1260,大同大學,事業經營學系(乙組),1,1.5,0,1.5,0,0,0,0,0,0,15,163.35 
1261,大同大學,資訊工程學系(甲組),2,1.5,1,0,0,0,0,0,0,0,29,173.85 
1262,大同大學,資訊工程學系(乙組),2,1.5,0,1,0,0,0,0,0,0,29,195.60 
1263,大同大學,材料工程學系,2,1,0,2,0,0,0,0,0,0,37,191.40 
1264,大同大學,生物工程學系,2,1.75,0,0,0,0,0,0,0,2,24,247.40 
1265,大同大學,資訊經營學系,1.75,2,0,2,0,0,0,0,0,0,27,212.80 
1266,大同大學,媒體設計系互動媒體設計組一,1.75,2,0,2,0,0,0,0,0,0,13,269.10 
1267,大同大學,媒體設計系互動媒體設計組二,0,1,0,0,2,1.5,0,0,0,0,12,277.30 
1270,大同大學,媒體設計系數位遊戲設計組一,1.75,2,0,2,0,0,0,0,0,0,12,276.80 
1271,大同大學,媒體設計系數位遊戲設計組二,0,1,0,0,2,1.5,0,0,0,0,9,286.60 
1272,大同大學,應用外語學系,2,2,0,0,1.75,0,0,0,0,0,27,282.05 
1273,輔仁大學,中國文學系,2,1.25,0,0,2,0,0,0,0,0,50,323.55 
1274,輔仁大學,歷史學系,2,1.75,0,0,2,0,0,0,0,0,77,335.15 
1275,輔仁大學,哲學系,1.5,1.5,0,1,1,1,0,0,0,0,58,318.30 
1301,輔仁大學,應用美術學系,1,1,0,1,1,1,0,0,0,0,31,312.70 
1302,輔仁大學,景觀設計學系(社會組),1,1.5,0,1,2,2,0,0,0,0,18,486.35 
1303,輔仁大學,景觀設計學系(自然組),1,1.5,1,0,0,0,0,0,0,2,15,270.20 
1304,輔仁大學,影像傳播學系,1.5,2,0,1,1,1,0,0,0,0,24,436.40 
1305,輔仁大學,新聞傳播學系,2,2,0,1,1,0,1,0,0,0,34,466.60 
1306,輔仁大學,廣告傳播學系,1.5,1.5,0,1.5,1,1,0,0,0,0,28,443.60 
1307,輔仁大學,圖書資訊學系,2,2,0,2,1,1,0,0,0,0,20,487.50 
1311,輔仁大學,體育學系運動健康管理組,2,2,2,0,0,0,0,0,0,1,26,250.40 
1312,輔仁大學,教育領導與科技發展學位學程,2,2,0,1,1,1,0,0,0,0,13,424.00 
1313,輔仁大學,護理學系,1.5,1.5,1,0,0,0,0,0,0,1.25,43,286.60 
1314,輔仁大學,公共衛生學系,1.5,1.5,1,0,0,0,0,0,1,1.25,25,318.55 
1315,輔仁大學,醫學系,0,1.25,1,0,0,0,0,1,1,1.25,29,473.30 
1316,輔仁大學,臨床心理學系,1.25,1.5,1,0,0,0,0,0,0,1.25,20,311.85 
1317,輔仁大學,職能治療學系,1.25,2,1,0,0,0,0,1,0,2,21,473.50 
1320,輔仁大學,呼吸治療學系,1,1.25,0,0,0,0,0,1,0,1.25,15,291.88 
1321,輔仁大學,數學系資訊數學組,1.25,1.25,2,0,0,0,0,0,0,0,30,162.43 
1322,輔仁大學,數學系應用數學組,1.25,1.25,2,0,0,0,0,0,0,0,29,177.63 
1323,輔仁大學,化學系,0,1.5,1.5,0,0,0,0,0,2,0,16,233.65 
1324,輔仁大學,資訊工程學系,1,1,1,0,0,0,0,1,1,0,43,247.20 
1325,輔仁大學,生命科學系,0,2,0,0,0,0,0,0,1.5,2,45,291.50 
1326,輔仁大學,物理學系物理組,1,1.5,2,0,0,0,0,2,1,0,30,237.00 
1327,輔仁大學,物理學系光電物理組,1,1.5,2,0,0,0,0,2,1,0,29,272.80 
1330,輔仁大學,電機工程系系統與晶片設計組,1,1,1,0,0,0,0,1,0,0,33,187.50 
1331,輔仁大學,電機工程系電腦與通訊工程組,1,1,1,0,0,0,0,1,0,0,34,175.90 
1332,輔仁大學,醫學資訊與創新應用學位學程,1,1,1,0,0,0,0,1,1,0,10,236.80 
1333,輔仁大學,英國語文學系,1,2,0,0,1,0,0,0,0,0,23,292.90 
1334,輔仁大學,法國語文學系,1.5,1.5,0,0,1,1,0,0,0,0,24,341.25 
1335,輔仁大學,西班牙語文學系,1.5,1.5,0,0,1,1,0,0,0,0,21,343.15 
1336,輔仁大學,日本語文學系,1.5,1.5,0,1,1,1,0,0,0,0,39,389.45 
1337,輔仁大學,義大利語文學系,1.5,1.5,0,0,1,1,0,0,0,0,23,330.90 
1340,輔仁大學,德語語文學系,1.5,1.5,0,0,1.25,0,0,0,0,0,17,299.38 
1341,輔仁大學,織品服裝學系織品設計組,2,2,0,1.5,0,0,0,0,0,0,13,310.00 
1342,輔仁大學,織品服裝學系服飾設計組,2,2,0,1.5,0,0,0,0,0,0,29,312.80 
1343,輔仁大學,織品服裝學系織品服飾行銷組,2,2,0,1.5,0,0,0,0,0,0,39,317.20 
1344,輔仁大學,餐旅管理學系,2,2,0,1.5,1,1,0,0,0,0,20,474.70 
1345,輔仁大學,兒童與家庭學系,2,2,0,1,0,0,1,0,0,0,24,339.20 
1346,輔仁大學,食品科學系,1,2,1,0,0,0,0,0,2,2,24,432.00 
1347,輔仁大學,營養科學系,1,2,1,0,0,0,0,0,2,2,14,497.90 
1350,輔仁大學,法律學系,1.5,1.5,0,1,1,0,1,0,0,0,48,423.25 
1351,輔仁大學,財經法律學系,1.5,1.5,0,1,1,0,1,0,0,0,28,432.25 
1352,輔仁大學,企業管理學系,1.5,1.5,0,1.5,1,1,0,0,0,0,56,444.80 
1353,輔仁大學,會計學系,1.5,1.5,0,1.5,1,1,0,0,0,0,53,454.35 
1354,輔仁大學,資訊管理學系,1.5,2,0,2,0,0,0,0,0,0,37,362.85 
1355,輔仁大學,統計資訊學系,1.5,2,0,2,0,0,0,0,0,0,43,356.70 
1356,輔仁大學,金融與國際企業學系,1.5,2,0,1.5,0,0,0,0,0,0,57,350.55 
1357,輔仁大學,社會學系,1.5,1.5,0,1.5,0,0,1,0,0,0,24,345.65 
1360,輔仁大學,社會工作學系,1.5,1.5,0,1,0,0,1,0,0,0,31,298.80 
1361,輔仁大學,經濟學系,1,2,0,2,1,1,0,0,0,0,52,473.00 
1362,輔仁大學,宗教學系,2,2,0,0,1.5,0,0,0,0,0,9,289.95 
1363,輔仁大學,心理學系,1.5,1.5,1,0,0,0,0,0,0,0,20,235.35 
1364,國立臺灣海洋大學,商船學系,1,1.5,1.5,0,0,0,0,1.5,0,0,28,285.35 
1365,國立臺灣海洋大學,航運管理學系,1,2,0,1.5,0,0,0,0,0,0,34,324.60 
1366,國立臺灣海洋大學,運輸科學系A組,1,2,0,2,0,0,0,0,0,0,17,360.70 
1367,國立臺灣海洋大學,運輸科學系B組,1,2,2,0,0,0,0,0,0,0,19,274.20 
1370,國立臺灣海洋大學,輪機工程學系能源應用組,1,1.5,1.5,0,0,0,0,1.5,1,0,22,356.05 
1371,國立臺灣海洋大學,輪機工程學系動力工程組,1,1.5,1.5,0,0,0,0,1.5,1,0,10,378.40 
1372,國立臺灣海洋大學,食品科學系食品科學組,1,2,1,0,0,0,0,0,2,2,11,452.30 
1373,國立臺灣海洋大學,食品科學系生物科技組,1,2,1,0,0,0,0,0,2,2,20,453.70 
1374,國立臺灣海洋大學,水產養殖學系,1,2,1,0,0,0,0,0,1.5,2,21,381.75 
1375,國立臺灣海洋大學,生命科學暨生物科技學系,1,2,1,0,0,0,0,0,1.5,2,19,410.80 
1376,國立臺灣海洋大學,環境生物與漁業科學學系,1,1.5,1.5,0,0,0,0,0,0,1.25,21,258.40 
1377,國立臺灣海洋大學,海洋環境資訊系,1,1.5,1.5,0,0,0,0,1.5,1,0,16,326.80 
1400,國立臺灣海洋大學,機械與機電工程學系,1,1.5,1.5,0,0,0,0,1.5,1,0,41,383.35 
1401,國立臺灣海洋大學,系統工程暨造船學系,1,1.25,1.25,0,0,0,0,1.25,1,0,18,308.78 
1402,國立臺灣海洋大學,河海工程學系,1,1.5,1.5,0,0,0,0,1.5,1,0,26,336.70 
1403,國立臺灣海洋大學,電機工程學系,1,1,1,0,0,0,0,1,1,0,40,307.60 
1404,國立臺灣海洋大學,資訊工程學系,1,1,1,0,0,0,0,1,0,0,40,242.90 
1405,國立臺灣海洋大學,通訊與導航工程學系,1,1.5,1.5,0,0,0,0,1.5,0,0,15,324.30 
1406,國立臺灣海洋大學,海洋觀光管理學士學位學程,1,2,0,1.5,0,0,0,0,0,0,13,302.00 
1407,國立臺灣海洋大學,海洋法政學士學位學程,2,2,0,1,0,0,1,0,0,0,10,414.00 
1410,國立臺灣海洋大學,光電與材料科技學士學位學程,1,1.25,1.5,0,0,0,0,1.5,1,0,12,376.00 
1411,國立臺灣海洋大學,海洋文創設計產業學位學程,1.5,1,0,1,0,0,0,0,0,0,12,223.05 
1412,國立臺灣海洋大學,海洋生物科技學士學位學程,1,1.5,1,0,0,0,0,0,1.5,1.5,4,348.20 
1413,國立臺灣海洋大學,海洋工程科技學士學位學程,1,1.5,1.5,0,0,0,0,1.5,1,0,5,359.55 
1414,國立臺灣海洋大學,海洋經營管理學士學位學程,1,2,0,1.5,0,0,0,0,0,0,6,310.20 
1415,國立高雄師範大學,國文學系,1.5,1.25,0,1,1.25,1,0,0,0,0,39,397.63 
1416,國立高雄師範大學,英語學系,1.25,2,0,1,1,1,0,0,0,0,58,430.48 
1417,國立高雄師範大學,地理學系,1,1.25,0,1,1,1.25,0,0,0,0,25,382.63 
1420,國立高雄師範大學,教育學系,1.5,1.5,0,1.5,1,1,0,0,0,0,21,435.70 
1421,國立高雄師範大學,特殊教育學系,1.25,1.25,0,1,1,1,0,0,0,0,27,356.28 
1422,國立高雄師範大學,事業經營學系,1.5,2,0,1.75,0,0,0,0,0,0,19,371.20 
1430,國立高雄師範大學,數學系數學組,1,1.25,2,0,0,0,0,1.25,0,0,17,297.30 
1431,國立高雄師範大學,數學系應用數學組,1,1.25,2,0,0,0,0,1.25,0,0,22,303.88 
1432,國立高雄師範大學,物理學系,1,1,1.5,0,0,0,0,2,1,0,30,374.20 
1433,國立高雄師範大學,化學系,1,1,1.5,0,0,0,0,1.5,2,0,19,414.05 
1434,國立高雄師範大學,生物科技系,1,1.25,1,0,0,0,0,0,1,2,23,358.60 
1435,國立高雄師範大學,工業科技教育系教育與訓練組,1,1.25,1.25,0,0,0,0,1.25,1,0,7,298.80 
1436,國立高雄師範大學,工業科技教育系能源與冷凍組,1,1.25,1.25,0,0,0,0,1.25,1,0,9,284.88 
1437,國立高雄師範大學,光電與通訊工程學系,1,1,1,0,0,0,0,1,1,0,34,277.90 
1440,國立高雄師範大學,工業設計學系,1,1.5,1,0,0,0,0,1.5,1,0,24,322.75 
1441,國立高雄師範大學,電子工程學系,1,1,1.5,0,0,0,0,1.5,1,0,33,344.10 
1442,國立高雄師範大學,軟體工程與管理學系,1.25,1.5,1.5,0,0,0,0,1,1,0,17,349.48 
1443,國立彰化師範大學,輔導與諮商系學校輔導諮商組,1.75,1.75,0,1.5,1,0,1,0,0,0,27,495.88 
1444,國立彰化師範大學,輔導與諮商系社區輔導諮商組,1.75,1.75,0,1.5,1,0,1,0,0,0,32,481.83 
1445,國立彰化師範大學,特殊教育學系,1.5,1.5,0,1,1,1,0,0,0,0,37,383.25 
1446,國立彰化師範大學,英語學系,1.5,2,0,1,1,1,0,0,0,0,31,449.80 
1447,國立彰化師範大學,國文學系,2,1.5,0,0,1.5,1,0,0,0,0,61,402.25 
1450,國立彰化師範大學,地理學系,1,1.25,0,1,1,1.25,0,0,0,0,30,380.08 
1452,國立彰化師範大學,電子工程學系,1,2,2,0,0,0,0,2,1,0,19,481.20 
1453,國立彰化師範大學,機電工程學系,1,2,2,0,0,0,0,2,1,0,29,467.20 
1454,國立彰化師範大學,電機工程學系,1,2,2,0,0,0,0,2,1,0,30,491.90 
1455,國立彰化師範大學,資訊工程學系,1,1.5,2,0,0,0,0,1.5,0,0,24,364.65 
1456,國立彰化師範大學,生物學系,1,1.75,1,0,0,0,0,0,1.5,2,26,410.68 
1457,國立彰化師範大學,數學系,1,1.25,2,0,0,0,0,1.25,0,0,53,284.93 
1460,國立彰化師範大學,化學系,1,1.25,1,0,0,0,0,1.25,2,0,21,398.68 
1461,國立彰化師範大學,物理學系物理組,1,1,1.5,0,0,0,0,2,1.5,0,25,401.00 
1462,國立彰化師範大學,物理學系光電組,1,1,1.5,0,0,0,0,2,1.5,0,19,408.10 
1463,國立彰化師範大學,企業管理學系,1,2,0,2,0,0,0,0,0,0,28,364.60 
1464,國立彰化師範大學,會計學系,1.5,2,0,2,1,1,0,0,0,0,48,537.10 
1465,國立彰化師範大學,資訊管理學系資訊管理組,1,2,0,2,0,0,0,0,0,0,8,377.00 
1466,國立彰化師範大學,資訊管理學系數位科技管理組,1,2,2,0,0,0,0,0,0,0,12,293.30 
1470,國立彰化師範大學,公務與公民教育系公共事務組,1.25,1.25,0,1,1,0,2,0,0,0,13,468.50 
1471,國立彰化師範大學,公務與公民教育系公民教育組,1.25,1.25,0,1,1,0,2,0,0,0,11,463.50 
1472,國立陽明大學,醫學系(自費),0,1,1,0,0,0,0,1,1,1,47,444.90 
1473,國立陽明大學,醫學系(公費),0,1,1,0,0,0,0,1,1,1,10,425.25 
1474,國立陽明大學,牙醫學系,0,1,1,0,0,0,0,1,1,1,28,428.60 
1475,國立陽明大學,醫學生物技術暨檢驗學系,0,1.25,1,0,0,0,0,1,1.25,1.25,31,437.28 
1476,國立陽明大學,生物醫學影像暨放射科學系,0,1,1.25,0,0,0,0,1.25,1.25,1,24,426.08 
1477,國立陽明大學,物理治療暨輔助科技學系,0,1.25,1,0,0,0,0,1,1,1.25,30,431.20 
1500,國立陽明大學,護理學系,1,1.5,1,0,0,0,0,0,1,1.5,18,426.45 
1501,國立陽明大學,生命科學系暨基因科學研究所,0,1.25,1.25,0,0,0,0,1.25,1,1,11,435.88 
1502,國立陽明大學,生物醫學工程學系,1,1,1,0,0,0,0,1,1,0,19,366.40 
1503,國立陽明大學,學士班大一大二不分系,0,1.25,1.25,0,0,0,0,1.25,1,1,11,449.65 
1504,國立陽明大學,藥學系,0,1,1,0,0,0,0,1,1,1,15,417.90 
1505,中山醫學大學,醫學系,1,0,1,0,0,0,0,1,1,1,52,406.70 
1506,中山醫學大學,牙醫學系,1,1,1,0,0,0,0,0,1,1.25,69,417.58 
1507,中山醫學大學,醫學檢驗暨生物技術學系,1,1.5,0,0,0,0,0,1,1.5,1.75,63,423.15 
1510,中山醫學大學,物理治療學系,1.5,1.5,1,0,0,0,0,1,0,1.5,14,446.45 
1511,中山醫學大學,職能治療學系,1.25,2,1,0,0,0,0,1,0,1.25,29,431.60 
1512,中山醫學大學,語言治療與聽力系語言治療組,1.5,2,0,0,0,0,0,1,0,1.5,26,417.15 
1513,中山醫學大學,語言治療與聽力學系聽力組,1.5,2,0,0,0,0,0,1.5,0,1,27,394.00 
1514,中山醫學大學,生物醫學科學學系,1,1.5,1,0,0,0,0,0,1.5,2,52,374.65 
1515,中山醫學大學,視光學系,1,1.5,1,0,0,0,0,1.5,0,2,20,379.30 
1516,中山醫學大學,醫學影像暨放射科學系,0,1.5,1.5,0,0,0,0,2,1,1,48,405.65 
1517,中山醫學大學,心理學系,1.5,2,1,0,0,0,0,0,0,0,28,266.15 
1520,中山醫學大學,營養學系,1,2,1,0,0,0,0,0,2,2,42,453.40 
1521,中山醫學大學,公共衛生學系,1,1.5,1.5,0,0,0,0,0,1,1,39,291.20 
1522,中山醫學大學,醫療產業科技管理學系,1,1.5,0,1.5,0,1,0,0,0,0,35,302.25 
1523,中山醫學大學,職業安全衛生學系,2,1,1,0,0,0,0,0,1.5,2,36,358.10 
1524,中山醫學大學,醫學應用化學系,1,1,1.5,0,0,0,0,0,2,0,29,288.10 
1525,中山醫學大學,健康餐飲暨產業管理學系,2,1,1,0,0,0,0,0,2,2,39,366.20 
1526,中山醫學大學,醫學資訊學系,1,2,2,0,0,0,0,0,0,0,22,241.60 
1527,中山醫學大學,醫學社會暨社會工作學系,2,2,0,1,1,1,0,0,0,0,64,371.50 
1530,中山醫學大學,應用外國語言學系,1.5,2,0,1,1,1,0,0,0,0,23,369.20 
1531,中山醫學大學,護理學系(男),1.25,1.5,1,0,0,0,0,0,1,1.25,27,293.00 
1532,中山醫學大學,護理學系(女),1.25,1.5,1,0,0,0,0,0,1,1.25,49,310.30 
1533,國立中山大學,中國文學系,2,1,0,0,2,2,0,0,0,0,20,519.50 
1534,國立中山大學,外國語文學系,1.5,2,0,1,1,1,0,0,0,0,13,489.20 
1536,國立中山大學,劇場藝術學系(男),2,2,0,1,1,0,0,0,0,0,8,394.20 
1537,國立中山大學,劇場藝術學系(女),2,2,0,1,1,0,0,0,0,0,10,418.40 
1540,國立中山大學,生物科學系,1,1.25,1,0,0,0,0,0,1.25,1.5,28,372.45 
1541,國立中山大學,化學系,1,1,1,0,0,0,0,1,2,0,22,399.60 
1542,國立中山大學,物理學系,1,1.75,1.5,0,0,0,0,1.5,1,0,17,438.38 
1543,國立中山大學,應用數學系,0,1,2,0,0,0,0,1.5,0,0,16,301.50 
1544,國立中山大學,電機工程學系甲組,1,1,1,0,0,0,0,1,1,0,5,365.90 
1545,國立中山大學,電機工程學系乙組,0,1,2,0,0,0,0,2,1,0,27,440.10 
1546,國立中山大學,機械與機電工程學系,1,1.5,2,0,0,0,0,2,1,0,43,491.45 
1547,國立中山大學,資訊工程學系,0,1,2,0,0,0,0,2,0,0,24,368.90 
1550,國立中山大學,材料與光電科學學系,1,1,1,0,0,0,0,1,1,0,28,333.20 
1551,國立中山大學,光電工程學系,1,1,1.5,0,0,0,0,1.5,1,0,11,399.00 
1552,國立中山大學,企業管理學系,1.75,1.75,0,1.5,0,0,0,0,0,0,32,376.23 
1553,國立中山大學,資訊管理學系(社會組),1.5,2,0,2,0,1,0,0,0,0,10,502.70 
1554,國立中山大學,資訊管理學系(自然組),1.5,2,2,0,0,0,0,0,0,0,11,361.00 
1555,國立中山大學,財務管理學系,1,1.5,0,1.5,0,0,0,0,0,0,18,317.20 
1556,國立中山大學,海洋生物科技暨資源學系,0,1.5,1,0,0,0,0,0,1.5,1.5,17,334.40 
1557,國立中山大學,海洋環境及工程學系,0,1.25,1.5,0,0,0,0,1.5,1,0,20,329.98 
1560,國立中山大學,海洋科學系,1,1.25,1,0,0,0,0,0,1,0,19,255.63 
1561,國立中山大學,政治經濟學系,1,1.5,0,1.5,0,0,1,0,0,0,16,384.15 
1562,國立中山大學,社會學系,0,2,0,1,0,0,2,0,0,0,16,391.00 
1563,長庚大學,醫學系(自費),0,1,1,0,0,0,0,1,1,1,54,434.70 
1564,長庚大學,醫學系(公費),0,1,1,0,0,0,0,1,1,1,6,423.10 
1565,長庚大學,中醫學系,1.25,1.25,1,0,0,0,0,0,1,1.25,11,465.65 
1566,長庚大學,護理學系,1,1.5,1,0,0,0,0,0,1,1.5,63,356.60 
1567,長庚大學,醫學生物技術暨檢驗學系,1,1,1,0,0,0,0,0,1.5,1.5,19,415.30 
1570,長庚大學,醫學影像暨放射科學系,0,1.25,1.25,0,0,0,0,1.25,1,1,10,389.88 
1571,長庚大學,物理治療學系,0,1.25,1,0,0,0,0,1,1,1.25,25,407.50 
1572,長庚大學,職能治療學系,0,1.25,1,0,0,0,0,1,1,1.25,24,394.08 
1573,長庚大學,生物醫學系,0,1.25,1,0,0,0,0,1,1.25,1.25,47,335.03 
1574,長庚大學,呼吸治療學系,0,1.25,1,0,0,0,0,1.25,1,1.25,23,375.05 
1575,長庚大學,電機工程學系系統晶片設計組,1,1.25,1.5,0,0,0,0,1.5,0,0,13,307.18 
1576,長庚大學,電機工程學系通訊組,1,1.25,1.5,0,0,0,0,1.5,0,0,13,293.78 
1577,長庚大學,機械工程學系,1,1.25,1.5,0,0,0,0,1.5,1,0,24,310.53 
1600,長庚大學,化工與材料工程學系,1,1.25,1.25,0,0,0,0,1,1.25,0,24,321.78 
1601,長庚大學,電子工程學系,1,1,1,0,0,0,0,1,1,0,47,240.50 
1602,長庚大學,資訊工程學系,1,1.25,1.5,0,0,0,0,1.25,0,0,20,272.68 
1603,長庚大學,醫務管理學系(社會組),1,1.5,0,1.25,0,0,0,0,0,0,10,257.10 
1604,長庚大學,醫務管理學系(自然組),1,1.5,1.25,0,0,0,0,0,0,0,7,222.30 
1605,長庚大學,工商管理學系(社會組),1,1.25,0,1.25,0,0,0,0,0,0,21,218.88 
1606,長庚大學,工商管理學系(自然組),1,1.25,1.25,0,0,0,0,0,0,0,16,161.35 
1607,長庚大學,工業設計學系(社會組),1,1.5,0,1,0,0,0,0,0,0,18,141.50 
1610,長庚大學,工業設計學系(自然組),1,1.5,1,0,0,0,0,0,0,0,16,138.35 
1611,長庚大學,資訊管理學系(社會組),1.25,1.5,0,1.5,0,0,0,0,0,0,46,243.28 
1612,長庚大學,資訊管理學系(自然組),1.25,1.5,1.5,0,0,0,0,0,0,0,16,210.65 
1613,國立臺中教育大學,教育學系,1.25,1,0,1,1,1,0,0,0,0,24,343.18 
1614,國立臺中教育大學,幼兒教育學系,1.5,1.25,0,1,1,0,1,0,0,0,13,368.48 
1615,國立臺中教育大學,數學教育學系,1,2,2,0,0,0,0,1,1,0,28,307.60 
1616,國立臺中教育大學,區域與社會發展學系,1,1,0,0,2,2,2,0,0,0,28,570.40 
1617,國立臺中教育大學,語文教育學系,2,1.25,0,1,1.25,1,0,0,0,0,18,413.55 
1620,國立臺中教育大學,特殊教育學系,1.5,1.5,0,1.5,1,1,0,0,0,0,23,405.30 
1621,國立臺中教育大學,國際企業學系,1.25,1.5,0,1,0,0,1,0,0,0,24,315.95 
1624,國立臺中教育大學,科學教育與應用學系,2,1,1,0,0,0,0,2,2,0,18,384.70 
1626,國立臺中教育大學,臺灣語文學系,1,1,0,1,1,1,0,0,0,0,31,289.80 
1627,國立臺中教育大學,數位內容科技學系,1,1.5,2,0,0,0,0,1,0,0,18,261.80 
1630,國立臺中教育大學,資訊工程學系,1,1.5,1.75,0,0,0,0,1,0,0,28,275.05 
1631,國立臺中教育大學,英語學系,1,2,0,0,1,1,0,0,0,0,39,325.50 
1632,國立臺中教育大學,諮商與應用心理學系,2,2,0,1.75,0,0,0,0,0,0,22,384.80 
1633,國立臺中教育大學,文化創意產業設計與營運學系,1,2,0,1,0,0,0,0,0,0,27,249.30 
1634,國立臺北教育大學,教育經營與管理學系,1.5,1.5,0,1.5,0,0,1,0,0,0,26,358.75 
1635,國立臺北教育大學,教育學系(自費),1.5,2,0,1.25,1,0,1,0,0,0,27,470.75 
1636,國立臺北教育大學,教育學系(公費)-雲林縣,2,1.5,0,2,1,0,1,0,0,0,1,607.80 
1637,國立臺北教育大學,心理與諮商學系,1.25,1.25,0,1.5,1,1,0,0,0,0,35,440.03 
1640,國立臺北教育大學,特殊教育學系(男),1.5,2,0,2,0,0,0,0,0,0,11,370.05 
1641,國立臺北教育大學,特殊教育學系(女),1.5,2,0,2,0,0,0,0,0,0,11,384.05 
1642,國立臺北教育大學,幼兒與家庭教育學系,1.5,1.5,0,1,1,1,0,0,0,0,34,398.25 
1643,國立臺北教育大學,社會與區域發展學系,1,2,0,1,1.5,1.5,0,0,0,0,34,488.15 
1644,國立臺北教育大學,兒童英語教育學系(自費),1,2,0,1,1,1,0,0,0,0,26,414.00 
1645,國立臺北教育大學,兒童英語教育學系(公費臺南),1,2,0,1,1,1,0,0,0,0,1,499.50 
1646,國立臺北教育大學,文化創意產業經營學系,1.5,1.5,0,1,1.25,1,0,0,0,0,29,444.05 
1647,國立臺北教育大學,語文與創作學系語文師資組,2,1.25,0,1,1,1,0,0,0,0,24,422.43 
1650,國立臺北教育大學,語文與創作學系文學創作組,2,1.25,0,0,1,1,0,0,0,0,33,364.58 
1653,國立臺北教育大學,藝術與造形設計學系設計組,1.25,1.5,0,2,0,0,0,0,0,0,23,338.55 
1660,國立臺北教育大學,自然科學教育學系(男),1.25,1,1,0,0,0,0,1.5,1.5,0,14,349.95 
1661,國立臺北教育大學,自然科學教育學系(女),1.25,1,1,0,0,0,0,1.5,1.5,0,13,329.75 
1662,國立臺北教育大學,數學暨資訊教育系數學組(男),1.5,1,2,0,0,0,0,0,0,0,9,250.15 
1663,國立臺北教育大學,數學暨資訊教育系數學組(女),1.5,1,2,0,0,0,0,0,0,0,9,232.55 
1664,國立臺北教育大學,數學暨資教系資訊組(自費男),1.5,1,2,0,0,0,0,0,0,0,8,250.85 
1665,國立臺北教育大學,數學暨資教系資訊組(自費女),1.5,1,2,0,0,0,0,0,0,0,7,232.70 
1666,國立臺北教育大學,數學資教系資訊組(公費層林),1.25,2,2,0,0,0,0,0,0,0,1,427.00 
1667,國立臺北教育大學,數學資教系資訊組(公費北寮),0,1,2,0,0,0,0,2,1,2,1,670.70 
1670,國立臺北教育大學,數學資教系資訊組(公費甲中),0,1,2,0,0,0,0,2,1,2,1,654.70 
1671,國立臺北教育大學,資訊科學系,1,2,2,0,0,0,0,2,0,0,19,422.70 
1672,國立臺北教育大學,數位科技設計學系,1,1.5,1.5,0,0,0,0,1,0,0,19,286.60 
1675,國立臺南大學,教育學系,1.5,1.5,0,1.5,1,1,0,0,0,0,57,376.60 
1676,國立臺南大學,諮商與輔導學系,1.5,1.5,0,1.5,0,0,1,0,0,0,21,355.80 
1677,國立臺南大學,特殊教育學系,1.5,1.5,0,1.5,1,1,0,0,0,0,32,366.55 
1700,國立臺南大學,幼兒教育學系,2,1.5,0,1,1,1,0,0,0,0,20,378.30 
1702,國立臺南大學,國語文學系,1.5,1.25,0,1,1.25,1,0,0,0,0,41,347.75 
1703,國立臺南大學,英語學系,1.25,2,0,0,1,1,0,0,0,0,32,339.53 
1704,國立臺南大學,文化與自然資源學系,1,1,0,1,2,2,0,0,0,0,20,449.00 
1707,國立臺南大學,戲劇創作與應用學系(男),2,2,0,1,1.5,1,0,0,0,0,16,394.05 
1710,國立臺南大學,戲劇創作與應用學系(女),2,2,0,1,1.5,1,0,0,0,0,12,438.40 
1711,國立臺南大學,應用數學系(自費),1,1.5,2,0,0,0,0,1.5,0,0,19,279.55 
1712,國立臺南大學,應用數學系(公費)-臺東縣,1,1.5,2,0,0,0,0,1.5,0,0,1,451.25 
1713,國立臺南大學,數位學習科技學系,1.5,1.75,2,0,0,0,0,0,0,0,19,240.55 
1714,國立臺南大學,資訊工程學系,1,2,2,0,0,0,0,1.5,1,0,16,420.30 
1715,國立臺南大學,電機工程學系,1,1,1.5,0,0,0,0,1.5,1,0,20,346.30 
1716,國立臺南大學,材料科學系,1,1,1,0,0,0,0,1.5,1.5,0,14,338.35 
1717,國立臺南大學,綠色能源科技學系,1,1,1.5,0,0,0,0,1.5,1.5,0,20,317.15 
1720,國立臺南大學,生物科技學系,1,1.5,1,0,0,0,0,0,1.5,2,28,355.60 
1721,國立臺南大學,生態暨環境資源學系,1,1.5,1,0,0,0,0,0,1.5,2,24,315.60 
1722,國立臺南大學,行政管理學系,1.5,1.5,0,1,1,0,1,0,0,0,23,387.85 
1723,國立臺南大學,經營與管理學系,1.5,2,0,2,1,1,0,0,0,0,23,490.65 
1724,國立東華大學,應用數學系數學科學組,1,1,1.5,0,0,0,0,0,0,0,14,130.00 
1725,國立東華大學,應數系統計科學組(自然組),1,1,1.5,0,0,0,0,0,0,0,14,128.20 
1726,國立東華大學,應數系統計科學組(社會組),1,1,0,1.5,0,0,0,0,0,0,10,196.10 
1727,國立東華大學,資訊工程學系資工組,1,1.25,1.5,0,0,0,0,0,0,0,19,189.05 
1730,國立東華大學,資訊工程學系國際組,1,1.5,1.25,0,0,0,0,0,0,0,7,197.85 
1731,國立東華大學,生命科學系,1,1.75,1,0,0,0,0,0,1.5,1.75,26,297.33 
1732,國立東華大學,物理學系物理組,1,1,1,0,0,0,0,1,1,0,16,204.80 
1733,國立東華大學,物理學系奈米與光電科學組,1,1,1,0,0,0,0,1,1,0,12,199.00 
1734,國立東華大學,化學系,1,1,1,0,0,0,0,1,2,0,26,266.40 
1735,國立東華大學,電機工程學系,1,1,1,0,0,0,0,1,1,0,39,238.20 
1736,國立東華大學,材料科學與工程學系,1,1,1,0,0,0,0,1,1,0,31,218.60 
1737,國立東華大學,光電工程學系,1,1,1,0,0,0,0,1.5,1,0,26,227.70 
1740,國立東華大學,自然資源與環境學系,2,1,0,2,0,0,0,0,0,0,21,248.10 
1741,國立東華大學,企業管理學系,1,1.5,0,1.5,0,0,0,0,0,0,34,221.30 
1742,國立東華大學,國際企業學系,1.5,2,0,1.75,0,0,0,0,0,0,23,309.90 
1743,國立東華大學,會計學系,1.5,2,0,1.5,1,1,0,0,0,0,25,437.70 
1744,國立東華大學,財務金融學系,1,1.5,0,2,0,0,0,0,0,0,31,276.25 
1745,國立東華大學,資訊管理學系,1.5,1.75,0,2,0,0,0,0,0,0,19,300.50 
1746,國立東華大學,觀光暨休閒遊憩學系,1.5,2,0,0,0,1.5,0,0,0,0,31,265.15 
1747,國立東華大學,管理學院管科與財金學位學程,1,2,0,1.5,0,0,0,0,0,0,8,271.40 
1750,國立東華大學,華文文學系,2,1,0,0,2,0,0,0,0,0,21,308.70 
1751,國立東華大學,中國語文學系,2,1.25,0,0,1.25,1,0,0,0,0,27,319.75 
1752,國立東華大學,英美語文學系(自費),1.25,2,0,0,1,1,0,0,0,0,27,314.00 
1753,國立東華大學,英美語文學系(公費)-花蓮縣,1.25,2,0,0,1,1,0,0,0,0,1,422.30 
1754,國立東華大學,經濟學系,1,1.75,0,2,0,0,0,0,0,0,39,266.60 
1755,國立東華大學,社會學系,1.5,1.25,0,0,1,0,1.25,0,0,0,16,304.25 
1756,國立東華大學,歷史學系,1.5,1.5,0,0,2,1,0,0,0,0,21,376.95 
1757,國立東華大學,臺灣文化學系,1,2,0,1,2,2,0,0,0,0,38,423.20 
1760,國立東華大學,諮商與臨床心理學系,1,1.5,1.5,0,0,0,0,0,0,0,19,198.45 
1761,國立東華大學,法律學士學位學程,1.5,1.5,0,0,0,0,1.25,0,0,0,14,284.20 
1762,國立東華大學,公共行政學系,1.5,2,0,0,0,0,2,0,0,0,12,345.25 
1764,國立東華大學,教育與潛能開發學系,2,2,0,1,0,0,2,0,0,0,18,368.40 
1765,國立東華大學,幼兒教育學系(自費),2,2,0,1,1,0,2,0,0,0,20,435.80 
1766,國立東華大學,幼兒教育學系(公費)-花蓮縣,2,2,0,1,1,0,2,0,0,0,1,623.40 
1767,國立東華大學,特殊教育學系,1.25,1.25,0,1,1,1,0,0,0,0,21,288.28 
1770,國立東華大學,教育行政與管理學系,2,2,0,1.5,1,0,1,0,0,0,15,414.50 
1771,國立東華大學,族群關係與文化學系,2,1,0,0,1.5,1,2,0,0,0,5,453.75 
1772,國立東華大學,民族語言與傳播學系,2,2,0,0,1,1,1.5,0,0,0,12,407.00 
1773,國立東華大學,民族事務與發展學系,1,1,0,0,2,2,2,0,0,0,11,499.40 
1774,國立東華大學,民族社會工作學士學位學程,1,1,0,0,2,2,2,0,0,0,9,507.00 
1775,國立東華大學,藝術創意產業學系,2,2,0,0,1,1,0,0,0,0,13,338.20 
2000,臺北市立大學,教育學系,2,2,0,2,1,1,0,0,0,0,34,524.10 
2001,臺北市立大學,特殊教育學系,2,1.5,0,1.5,0,0,0,0,0,0,29,314.75 
2002,臺北市立大學,幼兒教育學系,2,2,0,1.5,1,1,0,0,0,0,31,471.90 
2003,臺北市立大學,心理與諮商學系,1.5,2,0,1.5,1,1,0,0,0,0,28,489.15 
2004,臺北市立大學,學習與媒材設計學系,1,1,0,1,0,0,0,0,0,0,23,200.20 
2005,臺北市立大學,中國語文學系,2,1,0,1,1,1,0,0,0,0,33,393.70 
2006,臺北市立大學,英語教學系,1.25,2,0,1,1,1,0,0,0,0,17,426.98 
2007,臺北市立大學,社會暨公共事務學系,1.5,1.5,0,1,1,0,2,0,0,0,17,503.90 
2010,臺北市立大學,歷史與地理學系,1.5,1,0,1,1.5,1.5,0,0,0,0,16,454.80 
2013,臺北市立大學,數學系,1.25,1,2,0,0,0,0,1,0,0,23,284.23 
2014,臺北市立大學,資訊科學系,1.25,2,2,0,0,0,0,1,0,0,17,361.35 
2015,臺北市立大學,應用物理暨化學系電子物理組,1.25,1,1,0,0,0,0,1.5,1.5,0,11,372.48 
2016,臺北市立大學,應用物理暨化學系應用化學組,1.25,1,1,0,0,0,0,1.5,1.5,0,9,375.80 
2017,臺北市立大學,地球環境暨生物資源學系,1.5,1.5,1,0,0,0,0,1,1.5,0,12,352.85 
2021,臺北市立大學,休閒運動管理學系,1,1.5,0,0,0,0,0,0,0,1,8,201.05 
2022,臺北市立大學,運動健康科學系,1.5,2,1,0,0,0,0,0,0,1,7,301.75 
2023,臺北市立大學,城市發展學系,1,2,0,0,0,2,0,0,0,0,9,351.80 
2024,臺北市立大學,都會產業經營與行銷學系,1,2,0,2,0,0,0,0,0,0,12,373.40 
2025,臺北市立大學,衛生福利學系,1,1,1,0,0,0,0,0,0,1,11,216.30 
2026,國立屏東大學,教育學系(自費),1.5,1.5,0,1.25,1,0,0,0,0,0,47,263.55 
2027,國立屏東大學,教育學系(公費)-新竹市,1.25,1.5,0,1.5,0,0,0,0,0,0,1,355.88 
2030,國立屏東大學,幼兒教育學系,2,2,0,1,1,1,0,0,0,0,52,344.90 
2031,國立屏東大學,特殊教育學系,1.5,1.25,0,1.25,1,1,0,0,0,0,26,313.18 
2032,國立屏東大學,教育心理與輔導學系,1.5,1.5,0,1.5,0,0,1,0,0,0,19,318.55 
2033,國立屏東大學,中國語文學系,2,1.25,0,0,1.25,0,0,0,0,0,24,245.98 
2034,國立屏東大學,英語學系,1,2,0,0,1,0,0,0,0,0,13,242.40 
2035,國立屏東大學,文化創意產業學系,2,1,0,0,1,0,0,0,0,0,18,221.20 
2036,國立屏東大學,社會發展學系,1,1,0,0,1,1,1,0,0,0,16,315.00 
2037,國立屏東大學,應用英語學系,2,2,0,0,0,0,1,0,0,0,2,306.20 
2040,國立屏東大學,應用日語學系,2,2,0,0,0,0,1,0,0,0,1,323.00 
2041,國立屏東大學,商業自動化與管理學系,1,2,0,2,0,0,0,0,0,0,2,319.60 
2042,國立屏東大學,行銷與流通管理學系,1,2,0,2,0,0,0,0,0,0,2,332.50 
2043,國立屏東大學,休閒事業經營學系,1.5,1.5,0,1,0,0,0,0,0,0,2,233.45 
2044,國立屏東大學,不動產經營學系,1.5,1.25,0,1.5,0,0,0,0,0,0,2,258.95 
2045,國立屏東大學,企業管理學系,1,1.5,0,1,0,0,0,0,0,0,2,226.10 
2046,國立屏東大學,國際貿易學系,1,2,0,2,0,0,0,0,0,0,1,336.40 
2047,國立屏東大學,財務金融學系,1,2,0,2,0,0,0,0,0,0,2,340.60 
2050,國立屏東大學,會計學系,2,2,0,1.5,0,0,0,0,0,0,1,391.40 
2051,國立屏東大學,應用化學系,0,1.5,1.5,0,0,0,0,0,2,0,31,198.60 
2052,國立屏東大學,應用數學系,1,1,2,0,0,0,0,0,0,0,14,156.90 
2053,國立屏東大學,應用物理系物理組,1,1,2,0,0,0,0,2,1.5,0,10,316.10 
2054,國立屏東大學,應用物理系光電暨材料組,1,1,2,0,0,0,0,2,1.5,0,17,307.05 
2055,國立屏東大學,科普傳播學系,1.5,1,1,0,0,0,0,0,0,1.25,9,192.00 
2056,國立屏東大學,電腦與智慧型機器人學位學程,1,2,2,0,0,0,0,0,0,0,7,208.10 
2057,國立屏東大學,電腦與通訊學系,1,2,2,0,0,0,0,0,0,0,1,228.70 
2060,國立屏東大學,資訊工程學系,1,2,2,0,0,0,0,0,0,0,2,251.60 
2061,國立屏東大學,資訊科學系,1.5,2,2,0,0,0,0,0,0,0,18,228.20 
2062,國立屏東大學,資訊管理學系,1,2,0,2,0,0,0,0,0,0,2,332.90 
2066,國立臺東大學,教育學系,1.5,1.5,0,1,0,0,0,0,0,0,15,171.05 
2067,國立臺東大學,文化資源與休閒產業學系,1.5,2,0,0,1.5,0,0,0,0,0,10,251.95 
2070,國立臺東大學,幼兒教育學系,2,2,0,1.75,0,0,0,0,0,0,14,258.30 
2071,國立臺東大學,特殊教育學系,1.5,1.5,0,1,0,0,0,0,0,0,7,183.00 
2072,國立臺東大學,體育學系,2,1.5,0,1,0,0,0,0,0,0,12,149.85 
2073,國立臺東大學,數位媒體與文教產業學系,2,1.5,0,1,0,0,0,0,0,0,4,213.15 
2074,國立臺東大學,英美語文學系,1.5,2,0,0,1,1,0,0,0,0,18,282.75 
2075,國立臺東大學,華語文學系,2,1.5,0,0,1,0,0,0,0,0,21,222.25 
2076,國立臺東大學,身心整合與運動休閒產業學系,1.5,2,0,0,0,0,0,0,0,1.5,9,155.90 
2077,國立臺東大學,公共與文化事務學系,2,0,0,0,1.5,1.5,1,0,0,0,15,382.20 
2102,國立臺東大學,應用數學系,2,1.5,2,0,0,0,0,0,0,0,11,191.90 
2103,國立臺東大學,應用科學系化學及奈米科學組,1,1,1.5,0,0,0,0,1.5,2,0,17,223.70 
2104,國立臺東大學,應用科學系應用物理組,1,1,1.5,0,0,0,0,2,1.5,0,6,246.50 
2105,國立臺東大學,資訊管理學系,1.5,2,0,2,0,0,0,0,0,0,14,279.70 
2106,國立臺東大學,資訊工程學系,1.5,2,2,0,0,0,0,0,0,0,18,206.45 
2107,國立臺東大學,生命科學系,1.5,1,0,0,0,0,0,0,1,2,23,240.90 
2110,國立臺東大學,綠色與資訊科技學士學位學程,1,1,0,2,0,0,0,0,0,0,5,211.70 
2111,國立體育大學,體育推廣學系A,2,2,0,1.5,0,0,1,0,0,0,18,330.80 
2114,國立體育大學,運動保健學系B,2,2,1,0,0,0,0,0,0,1.75,13,337.43 
2115,國立體育大學,休閒產業經營學系,2,2,0,1.25,0,0,0,0,0,0,19,237.50 
2117,元智大學,管理學院學士班(企業管理),1,1,0,1,0,0,0,0,0,0,35,148.50 
2120,元智大學,管理學院學士班(財務金融),1,1,0,1,0,0,0,0,0,0,35,166.00 
2121,元智大學,管理學院學士班(國際企業),1,1,0,1,0,0,0,0,0,0,32,153.40 
2122,元智大學,管理學院學士班(會計),1,1,0,1,0,0,0,0,0,0,22,163.90 
2123,元智大學,管理學院學士班(英語專班),1,1,0,1,0,0,0,0,0,0,6,196.90 
2124,元智大學,工業工程與管理學系(B組),1.75,2,0,2,0,0,0,0,0,0,20,273.03 
2125,元智大學,資訊傳播學系設計組,1,1,0,1,0,0,0,0,0,0,14,147.40 
2126,元智大學,資訊傳播系科技組(第一類組),1,1,0,1,0,0,0,0,0,0,8,144.40 
2127,元智大學,資訊管理學系(社會組),1.75,2,0,2,0,0,0,0,0,0,31,283.83 
2130,元智大學,資訊工程學系(資訊應用組),1,1,0,1,0,0,0,0,0,0,18,197.30 
2131,元智大學,應用外語學系,1,1.5,0,0,1,0,0,0,0,0,25,184.05 
2132,元智大學,中國語文學系,1.5,1,0,0,1,0,0,0,0,0,25,166.40 
2133,元智大學,社會暨政策科學學系,1,1,0,0,0,0,1,0,0,0,12,157.70 
2134,元智大學,藝術與設計學系,1,1,0,0,1,0,0,0,0,0,14,164.30 
2135,元智大學,人文社會學院英語學位學程,1,1.5,0,0,1,0,0,0,0,0,15,159.50 
2136,元智大學,機械工程學系,0,1,2,0,0,0,0,2,0,0,56,194.60 
2137,元智大學,化學工程與材料科學學系,1,1,1.75,0,0,0,0,2,2,0,46,330.20 
2140,元智大學,工業工程與管理學系(A組),1.75,2,2,0,0,0,0,0,0,0,16,214.18 
2141,元智大學,工程學院英語學士學位學程,0,1.5,2,0,0,0,0,2,0,0,21,160.20 
2142,元智大學,資訊傳播系科技組(第二類組),1,1,1,0,0,0,0,0,0,0,6,122.50 
2143,元智大學,資訊管理學系(自然組),1.75,2,2,0,0,0,0,0,0,0,6,291.70 
2144,元智大學,資訊工程學系(資訊工程組),1,1,1,0,0,0,0,1,1,0,32,272.70 
2145,元智大學,資訊學院英語學士學位學程,1,1,1,0,0,0,0,1,1,0,7,229.40 
2146,元智大學,電機工程學系,0,1,1.25,0,0,0,0,1.25,0,0,49,184.63 
2147,元智大學,通訊工程學系(電機通訊組),1,1,1,0,0,0,0,1,0,0,25,178.60 
2150,元智大學,通訊工程學系(資訊通訊組),1,1,1,0,0,0,0,1,0,0,24,168.20 
2151,元智大學,光電工程學系,1,1.25,1.5,0,0,0,0,1.5,1,0,24,248.58 
2152,元智大學,電機通訊學院英語學位學程,0,1.25,1,0,0,0,0,1,0,0,28,131.35 
2153,國立中正大學,中國文學系,2,1.25,0,1,1,1,0,0,0,0,31,433.73 
2154,國立中正大學,外國語文學系,1,2,0,1,1,1,0,0,0,0,32,442.70 
2155,國立中正大學,歷史學系,1.5,1.5,0,0,2,1,0,0,0,0,30,433.50 
2156,國立中正大學,哲學系,1.5,2,0,2,1,0,1,0,0,0,23,530.85 
2157,國立中正大學,社會福利學系,1.5,1.5,0,1,1,0,0,0,0,0,21,351.45 
2160,國立中正大學,勞工關係學系,1.5,2,0,1,1,0,1.5,0,0,0,26,508.30 
2161,國立中正大學,政治學系,1,2,0,1,1,0,1.5,0,0,0,1,502.00 
2162,國立中正大學,傳播學系,1.5,1.5,0,1,1,1,0,0,0,0,21,432.30 
2163,國立中正大學,經濟學系,1,2,0,2,0,0,0,0,0,0,43,384.30 
2164,國立中正大學,財務金融學系,1,2,0,2,0,0,0,0,0,0,46,389.20 
2165,國立中正大學,企業管理學系,1.5,2,0,2,0,0,0,0,0,0,60,411.15 
2166,國立中正大學,會計與資訊科技學系,1.5,2,0,2,0,0,0,0,0,0,33,419.15 
2167,國立中正大學,法律學系法學組,1.5,1.5,0,1,1,0,1,0,0,0,23,455.80 
2170,國立中正大學,法律學系法制組,1.5,1.5,0,1,1,0,1,0,0,0,23,453.20 
2171,國立中正大學,財經法律學系,1.5,1.5,0,1,1,0,1,0,0,0,5,460.90 
2172,國立中正大學,成人及繼續教育學系,1,1.25,0,1,1,0,1,0,0,0,13,373.45 
2173,國立中正大學,犯罪防治學系,1.25,1.5,0,1,0,0,1.5,0,0,0,19,393.10 
2174,國立中正大學,數學系,0,1.25,2,0,0,0,0,1,0,0,27,265.08 
2175,國立中正大學,物理學系,1,1,1.5,0,0,0,0,1.5,1,0,15,382.45 
2176,國立中正大學,化學暨生物化學系,1,1.25,1.25,0,0,0,0,1,2,0,14,416.68 
2177,國立中正大學,地球與環境科學系,0,1,1.5,0,0,0,0,1.5,1.5,0,20,338.90 
2200,國立中正大學,資訊工程學系,1,1.5,1.25,0,0,0,0,1,1,0,26,380.00 
2201,國立中正大學,電機工程學系甲組,1,1,1,0,0,0,0,1,1,0,3,349.90 
2202,國立中正大學,電機工程學系乙組,0,1,2,0,0,0,0,2,1,0,32,412.70 
2203,國立中正大學,機械工程學系,1,1.5,2,0,0,0,0,2,1,0,50,477.90 
2204,國立中正大學,化學工程學系,1,1.25,1.25,0,0,0,0,1,1.25,0,30,367.85 
2205,國立中正大學,通訊工程學系,1,1,1,0,0,0,0,1.5,1,0,12,359.15 
2206,國立中正大學,資訊管理學系,1,2,2,0,0,0,0,1,1,0,34,431.40 
2207,國立中正大學,心理學系,1,1.5,1.5,0,0,0,0,0,0,1.25,33,334.15 
2210,國立中正大學,生物醫學科學系,1,1.25,1,0,0,0,0,0,1.5,1.5,20,389.15 
2212,大葉大學,機械與自動化工程學系,2,2,0,1.75,0,0,0,0,0,0,9,110.70 
2213,大葉大學,電機工程學系(產學合作組),2,2,1.75,0,0,0,0,0,0,0,18,96.40 
2214,大葉大學,材料科學與工程學系,1,0,2,0,0,0,0,2,2,0,1,161.60 
2215,大葉大學,消防安全學士學位學程,2,2,0,1.75,0,0,0,0,0,0,11,101.50 
2216,大葉大學,資訊工程學系,2,1.75,0,2,0,0,0,0,0,0,11,119.55 
2217,大葉大學,環境工程學系,2,2,0,1.75,0,0,0,0,0,0,3,111.50 
2220,大葉大學,企業管理學系(經營管理組),2,1,0,0,2,2,0,0,0,0,6,205.20 
2221,大葉大學,企業管理學系(行銷流通組),2,1,0,0,2,2,0,0,0,0,4,259.40 
2222,大葉大學,資訊管理學系,2,1.75,0,2,0,0,0,0,0,0,6,134.10 
2223,大葉大學,工業工程與管理學系,2,2,0,1,2,1,0,0,0,0,2,284.80 
2224,大葉大學,人資暨公關系(人資管理組),2,1,0,0,2,1,2,0,0,0,3,274.10 
2225,大葉大學,人資暨公關系(公關行銷組),2,1,0,0,2,1,2,0,0,0,1,351.00 
2226,大葉大學,會計資訊學系(會計管理組),2,1,0,0,2,2,0,0,0,0,1,301.80 
2227,大葉大學,會計資訊學系(投資理財組),2,1,0,0,2,2,0,0,0,0,2,204.10 
2230,大葉大學,國際企業管理系(貿易經營組),2,1,0,0,2,2,0,0,0,0,7,225.80 
2231,大葉大學,國際企業管理系(行銷創意組),2,1,0,0,2,2,0,0,0,0,0,--
2232,大葉大學,財務金融學系(銀行專業組),2,0,0,1,2,2,0,0,0,0,1,263.20 
2233,大葉大學,財務金融學系(投資管理組),2,0,0,1,2,2,0,0,0,0,1,241.60 
2235,大葉大學,視覺傳達設計學系,2,2,0,0,2,1,0,0,0,0,17,186.00 
2236,大葉大學,傳播藝術學士學位學程,2,1,0,0,2,2,0,0,0,0,7,211.10 
2237,大葉大學,多媒體數位內容學位學程,2,1,0,1,2,2,0,0,0,0,7,214.20 
2240,大葉大學,綠產品設計學程(生活設計組),2,2,0,1,2,1,0,0,0,0,2,250.40 
2241,大葉大學,空間設計學系(建築組),2,1,0,1,2,2,0,0,0,0,12,213.80 
2242,大葉大學,空間設計學系(室內設計組),2,1,0,1,2,2,0,0,0,0,14,277.20 
2244,大葉大學,英語學系,2,2,0,0,2,1,0,0,0,0,9,193.00 
2245,大葉大學,文創產業國際人才學位學程,2,2,0,0,1.75,0,0,0,0,0,3,174.60 
2246,大葉大學,應用日語學系,2,1,0,0,2,2,0,0,0,0,11,205.00 
2247,大葉大學,歐洲文化與旅遊學程(法語組),2,1,0,0,1,2,2,0,0,0,2,260.00 
2250,大葉大學,歐洲文化與旅遊學程(德語組),2,1,0,0,1,2,2,0,0,0,0,--
2251,大葉大學,歐洲文化與旅遊學程(西語組),2,1,0,0,1,2,2,0,0,0,2,342.00 
2252,大葉大學,生物產業科技學系,2,1.75,0,0,0,0,0,0,2,0,4,136.00 
2253,大葉大學,分子生物科技系(醫檢管理組),2,2,0,1.75,0,0,0,0,0,0,6,110.80 
2254,大葉大學,分子生物科技系(生物醫藥組),2,1.75,0,0,0,0,0,0,0,2,9,150.75 
2255,大葉大學,生物資源系(生態多樣性組),2,1.75,0,0,0,0,0,0,0,2,8,153.45 
2256,大葉大學,生物資源系(微生物開發組),2,0,0,0,0,0,0,0,1.75,2,1,134.10 
2257,大葉大學,藥用植物保健系(中藥保健組),2,2,0,1.75,0,0,0,0,0,0,13,108.30 
2260,大葉大學,觀光旅遊學系,2,1,0,1,2,2,0,0,0,0,10,195.20 
2261,大葉大學,餐旅管理學系,2,1,0,0,2,2,0,0,0,0,11,210.00 
2262,大葉大學,休閒事業管理學系,2,1,0,0,2,2,0,0,0,0,2,233.90 
2263,大葉大學,婚禮企劃暨節慶管理學位學程,2,1,0,0,2,2,0,0,0,0,1,330.90 
2264,大葉大學,烘焙暨飲料調製學士學位學程,2,1,0,0,2,2,0,0,0,0,9,204.90 
2265,大葉大學,護理學系,2,2,0,1.75,0,0,0,0,0,0,21,213.10 
2266,大葉大學,運動健康管理學系,2,1,0,0,2,2,0,0,0,0,11,217.00 
2267,大葉大學,視光學系,1,2,2,0,0,0,0,1,0,2,15,132.50 
2270,大葉大學,醫療器材設計與材料學位學程,1,0,1,0,0,0,0,2,2,2,1,154.00 
2271,中華大學,電機工程學系,2,1,1,0,0,0,0,2,2,0,20,145.30 
2272,中華大學,機械工程學系(精密機械組),2,1,1,0,0,0,0,2,2,0,3,175.50 
2273,中華大學,機械工程學系(智慧自動化組),2,1,1,0,0,0,0,2,2,0,9,167.10 
2274,中華大學,電子工程學系,2,1,1,0,0,0,0,2,2,0,1,290.20 
2275,中華大學,光機電與材料學士學位學程,2,1,1,0,0,0,0,2,2,0,3,221.00 
2276,中華大學,工業管理學系,2,1,0,1,2,2,0,0,0,0,11,246.90 
2277,中華大學,企業管理學系(企業管理組),2,1,0,1,2,2,0,0,0,0,7,270.80 
2300,中華大學,企業管理學系(行銷管理組),2,1,0,1,2,2,0,0,0,0,2,264.40 
2301,中華大學,財務管理學系,2,1,0,1,2,2,0,0,0,0,6,239.40 
2302,中華大學,國際企業學系,1.75,0,0,0,2,2,0,0,0,0,5,211.15 
2303,中華大學,運輸科技與物流管理學系,2,1,0,1,2,2,0,0,0,0,4,264.30 
2304,中華大學,科技管理學系,2,1,0,1,2,2,0,0,0,0,2,288.60 
2305,中華大學,建築與都計學系(建築設計組),2,0,0,0,1.75,2,0,0,0,0,11,193.05 
2306,中華大學,建築與都計學系(環規管理組),2,1.75,0,0,0,0,0,0,0,2,4,146.55 
2307,中華大學,建築與都計學系(建築科技組),2,1.75,0,0,0,0,0,2,0,0,7,125.65 
2310,中華大學,景觀建築學系,2,1,0,1,2,2,0,0,0,0,6,256.20 
2311,中華大學,營建管理學系,2,0,0,0,1.75,2,0,0,0,0,2,193.33 
2312,中華大學,土木工程學系,2,2,2,0,0,0,0,1,1,0,2,165.30 
2313,中華大學,工業產品設計系(工業設計組),2,0,0,0,0,0,0,2,1.75,0,5,120.65 
2314,中華大學,工業產品設計系(創意生活組),2,0,0,0,2,1.75,0,0,0,0,7,196.90 
2315,中華大學,外國語文學系,2,2,0,0,2,1,1,0,0,0,3,223.40 
2316,中華大學,應用日語學系(商務組),2,1,0,0,2,2,1,0,0,0,10,245.40 
2317,中華大學,應用日語學系(語文組),2,1,0,0,2,2,1,0,0,0,7,261.60 
2320,中華大學,應用日語學系(觀光組),2,1,0,0,2,2,1,0,0,0,2,284.40 
2321,中華大學,行政管理學系,2,1,0,0,2,0,2,0,0,0,10,208.50 
2322,中華大學,資訊工程學系(資訊工程組),2,1,1,0,0,0,0,2,0,0,12,133.60 
2323,中華大學,資訊工程系(軟體工程設計組),2,1,0,2,0,0,0,0,0,0,6,111.10 
2324,中華大學,資訊工程學系(資訊應用組),2,0,0,1,2,2,0,0,0,0,4,220.20 
2325,中華大學,資訊工程學系(雲端物聯網組),2,1,1,0,0,0,0,2,0,0,1,131.20 
2326,中華大學,生物資訊學系,2,0,0,0,0,0,0,0,1,2,14,146.40 
2327,中華大學,資訊管理系(資訊系統設計組),2,1.75,0,2,0,0,0,0,0,0,3,99.83 
2330,中華大學,資訊管理系(資訊管理應用組),2,1.75,0,2,0,0,0,0,0,0,6,113.80 
2331,中華大學,資訊管理系(手機軟體設計組),2,1.75,0,2,0,0,0,0,0,0,8,114.20 
2332,中華大學,資訊管理系(巨量資料應用組),2,1.75,0,2,0,0,0,0,0,0,2,136.43 
2333,中華大學,餐旅管理學系(旅館管理組),2,1,0,0,2,2,1,0,0,0,4,236.80 
2334,中華大學,餐旅管理學系(餐飲經營組),2,1,0,0,2,2,1,0,0,0,7,253.70 
2335,中華大學,餐旅管理學系(烘焙創業組),2,1,0,0,2,2,1,0,0,0,3,302.90 
2336,中華大學,休閒遊憩規劃與管理學系,2,1,0,0,2,2,1,0,0,0,9,237.00 
2337,中華大學,觀光與會展學系,1,1,0,0,2,2,2,0,0,0,2,264.70 
2340,華梵大學,工工與經營資訊學系(自然組),2,2,1.75,0,0,0,0,0,0,0,1,123.90 
2341,華梵大學,工工與經營資訊學系(社會組),2,2,0,1.75,0,0,0,0,0,0,4,104.95 
2342,華梵大學,機電工程學系,2,2,2,0,0,0,0,1,0,0,1,117.60 
2343,華梵大學,電子工程學系,2,1,0,1,0,0,0,0,0,0,3,79.40 
2344,華梵大學,資訊管理學系,2,1.75,0,2,0,0,0,0,0,0,3,128.08 
2345,華梵大學,中國文學系,2,0,0,0,1,0,2,0,0,0,6,153.20 
2346,華梵大學,外國語文學系,2,2,0,0,1.75,1,0,0,0,0,7,188.98 
2347,華梵大學,哲學系,2,0,0,0,2,1.75,1,0,0,0,3,249.90 
2350,華梵大學,建築學系建築設計組,2,1,0,1,2,2,0,0,0,0,5,223.50 
2351,華梵大學,建築學系室內設計組,2,1,0,1,2,2,0,0,0,0,9,228.90 
2352,華梵大學,工業設計學系產品設計組,2,1,0,0,2,2,0,0,0,0,4,273.60 
2353,華梵大學,工業設計學系交通工具設計組,2,1,0,0,2,2,0,0,0,0,1,227.30 
2354,華梵大學,環境與防災設計系環境設計組,2,1,0,0,2,2,0,0,0,0,1,235.20 
2355,華梵大學,環境與防災設計系環境防災組,2,1.75,0,2,0,0,0,0,0,0,1,157.10 
2356,華梵大學,美術與文創學系文創設計組,2,1,0,0,2,1,0,0,0,0,10,173.00 
2360,義守大學,電機工程學系甲組,2,1,0,0,0,0,0,2,2,0,18,189.90 
2361,義守大學,電機工程學系乙組,2,1,0,0,0,0,0,0,2,2,6,188.80 
2362,義守大學,電子工程學系光電組,2,2,0,0,0,0,0,1,2,0,17,140.80 
2363,義守大學,電子工程學系微電子與系統組,2,2,0,0,0,0,0,2,1,0,8,152.00 
2364,義守大學,資訊工程學系資訊工程組,2,1,2,0,0,0,0,2,0,0,14,187.10 
2365,義守大學,資訊工程學系資訊應用組,2,1.5,0,2,0,0,0,0,0,0,15,159.45 
2366,義守大學,通訊工程學系軟體應用服務組,2,2,0,1.75,0,0,0,0,0,0,3,162.00 
2367,義守大學,通訊工程學系電機資訊組,2,0,2,0,0,0,0,1.75,0,0,3,121.90 
2370,義守大學,機械與自動化工程學系機電組,2,2,1,0,0,0,0,0,2,0,7,167.60 
2371,義守大學,機械自動化工程系創新設計組,2,2,1,0,0,0,0,2,0,0,5,122.40 
2372,義守大學,化學工程學系甲組,2,1,0,0,0,0,0,1,2,0,20,158.80 
2373,義守大學,化學工程學系乙組,2,1,0,0,0,0,0,0,2,2,11,154.60 
2374,義守大學,土木與生態工程系環境永續組,2,0,0,0,0,0,0,1.75,0,2,7,143.35 
2375,義守大學,土木與生態工程系創新規劃組,2,0,0,0,0,0,0,1.75,2,0,8,125.55 
2376,義守大學,材料科學與工程學系甲組,2,2,1.75,0,0,0,0,0,0,0,11,129.40 
2377,義守大學,材料科學與工程學系乙組,2,2,0,1.75,0,0,0,0,0,0,6,150.05 
2400,義守大學,財務與計算數學系甲組,2,1.5,2,0,0,0,0,0,0,0,1,160.50 
2401,義守大學,財務與計算數學系乙組,2,1.5,0,2,0,0,0,0,0,0,3,211.45 
2402,義守大學,工業管理學系產業資訊組,2,1,0,1,2,2,0,0,0,0,6,244.70 
2403,義守大學,工業管理學系智慧製造組,2,1,0,1,2,2,0,0,0,0,0,--
2404,義守大學,資訊管理學系行動商務組,1,0,0,0,2,2,0,0,0,0,15,152.70 
2405,義守大學,資訊管理學系雲端服務組,0,1,0,0,2,2,0,0,0,0,16,142.40 
2406,義守大學,企業管理學系企業經營組,2,1,0,0,1.75,2,0,0,0,0,24,221.63 
2407,義守大學,企業管理學系行銷管理組,2,1,0,0,2,1.75,0,0,0,0,26,189.10 
2410,義守大學,財務金融學系財務管理組,2,0,0,1,2,2,0,0,0,0,26,275.80 
2411,義守大學,財務金融學系金融管理組,2,1,0,0,2,2,0,0,0,0,25,219.20 
2412,義守大學,會計學系財稅規劃組,2,0,0,1,2,2,0,0,0,0,6,318.00 
2413,義守大學,會計學系管理應用組,2,1,0,0,2,2,0,0,0,0,6,288.70 
2414,義守大學,國際商務系國際企業與行銷組,2,1,0,0,2,2,0,0,0,0,11,253.20 
2415,義守大學,國際商務系國際貿易與金融組,2,1,0,0,2,2,0,0,0,0,11,242.40 
2416,義守大學,公共政策與管理系公共政策組,2,1,0,0,2,2,0,0,0,0,9,298.10 
2417,義守大學,公共政策與管理系公共管理組,2,1,0,0,2,1.75,0,0,0,0,8,285.60 
2420,義守大學,醫務管理學系甲組,2,1.75,0,2,0,0,0,0,0,0,11,215.15 
2421,義守大學,醫務管理學系乙組,2,2,0,1.75,0,0,0,0,0,0,11,198.40 
2422,義守大學,健康管理學系甲組,2,1,0,0,2,2,0,0,0,0,11,322.90 
2423,義守大學,健康管理學系乙組,2,0,0,1,2,2,0,0,0,0,9,310.40 
2424,義守大學,餐旅管理學系甲組,2,1,0,0,2,2,0,0,0,0,11,307.10 
2425,義守大學,餐旅管理學系乙組,2,2,0,0,2,1,0,0,0,0,10,285.20 
2426,義守大學,休閒事業管理學系甲組,1,0,0,0,2,2,0,0,0,0,7,235.60 
2427,義守大學,休閒事業管理學系乙組,1.5,0,0,0,2,2,0,0,0,0,7,233.00 
2430,義守大學,觀光學系甲組,2,1,0,0,1.75,2,0,0,0,0,15,213.60 
2431,義守大學,觀光學系乙組,2,1,0,0,2,1.75,0,0,0,0,13,229.00 
2432,義守大學,廚藝學系甲組,2,2,0,0,2,1,0,0,0,0,5,323.40 
2433,義守大學,廚藝學系乙組,2,2,0,0,1,2,0,0,0,0,4,321.10 
2434,義守大學,國際企業經營學系國際行銷組,2,2,0,0,1.75,1,0,0,0,0,6,225.53 
2435,義守大學,國際企業經營學系國際經營組,2,2,0,0,1,1.75,0,0,0,0,5,234.50 
2436,義守大學,國際財務金融學系財務管理組,2,2,0,1,2,1,0,0,0,0,5,281.00 
2437,義守大學,國際財務金融學系財務投資組,1,2,0,1,2,2,0,0,0,0,4,302.00 
2440,義守大學,國際觀光餐旅學系觀光管理組,1,2,0,0,1,2,0,0,0,0,10,162.60 
2441,義守大學,國際觀光餐旅學系餐旅管理組,1,2,0,0,2,1,0,0,0,0,10,157.50 
2442,義守大學,娛樂事業管理學系影視娛樂組,1,2,0,0,2,0,1.5,0,0,0,4,297.30 
2443,義守大學,娛樂事業管理學系活動策展組,1,2,0,0,0,2,1.5,0,0,0,2,278.10 
2444,義守大學,應用英語學系英語教學組,2,2,0,0,1,0,0,0,0,0,14,162.90 
2445,義守大學,應用英語系翻譯與專業英文組,2,2,0,0,1,0,0,0,0,0,19,175.30 
2446,義守大學,應用日語學系語言文化組,2,1,0,0,2,2,0,0,0,0,9,345.80 
2447,義守大學,應用日語學系商業觀光組,2,1,0,0,2,2,0,0,0,0,8,335.50 
2450,義守大學,大眾傳播學系媒體製作組,2,1,0,0,2,2,0,0,0,0,13,320.90 
2451,義守大學,大眾傳播學系傳播管理組,2,1,0,0,2,2,0,0,0,0,5,321.20 
2452,義守大學,創意商品設計學系文創商品組,2,1,0,0,2,2,0,0,0,0,13,294.40 
2453,義守大學,創意商品設計系生活科技組,2,1,0,0,2,2,0,0,0,0,13,234.30 
2454,義守大學,電影與電視學系編導製片組,2,1.5,0,1,1.75,0,0,0,0,0,3,294.00 
2455,義守大學,電影與電視學系影視技術組,2,1,0,1.5,1.75,0,0,0,0,0,8,254.03 
2456,義守大學,數位多媒體設計系數位動畫組,2,1,0,0,2,2,0,0,0,0,13,307.90 
2457,義守大學,數位多媒體設計系互動媒體組,2,2,0,0,2,1,0,0,0,0,19,211.00 
2460,義守大學,營養學系臨床營養組,2,2,0,0,0,0,0,0,1,2,9,334.90 
2461,義守大學,營養學系食品營養組,2,1,0,0,0,0,0,0,2,2,5,312.60 
2462,義守大學,生物醫學工程學系甲組,2,0,1,0,0,0,0,0,2,2,15,255.80 
2463,義守大學,生物醫學工程學系乙組,2,0,1,0,0,0,0,2,2,0,14,215.20 
2464,義守大學,生物科技學系生物醫藥組,2,1,0,0,0,0,0,0,2,2,10,307.70 
2465,義守大學,生物科技學系食品生技組,2,1,0,0,0,0,0,0,2,2,20,262.30 
2466,義守大學,護理學系,2,2,1,0,0,0,0,0,1,2,47,329.40 
2467,義守大學,醫學影像暨放射科學系,2,0,1,0,0,0,0,2,1,2,12,409.00 
2470,義守大學,物理治療學系,1.5,2,1,0,0,0,0,1,0,2,11,417.15 
2471,義守大學,職能治療學系,1.75,2,1,0,0,0,0,1,0,2,10,428.13 
2472,義守大學,醫學檢驗技術學系,2,1,0,0,0,0,0,0,2,2,13,371.90 
2473,銘傳大學,企業管理系品牌行銷組(台北),2,2,0,1.75,1,0,0,0,0,0,20,331.10 
2474,銘傳大學,企業管理系企業管理組(台北),2,1,0,1,1.5,1.5,0,0,0,0,56,364.90 
2475,銘傳大學,會計學系(台北校區),1.5,1,0,1.25,1.25,1,0,0,0,0,22,329.83 
2476,銘傳大學,財務金融系國際金管組(台北),1,1.5,0,1.5,0,0,0,0,0,0,28,189.30 
2477,銘傳大學,財務金融系財務金融組(台北),1,1.5,0,1,0,0,0,0,0,0,40,157.65 
2500,銘傳大學,風險管理與保險學系(台北),1.25,1.25,0,1,1,1,0,0,0,0,24,265.05 
2501,銘傳大學,國際企業系外貿金融組(台北),1.5,1,0,1,0,0,0,0,0,0,19,167.35 
2502,銘傳大學,國際企業系外貿行銷組(台北),1.5,1,0,0,1,0,0,0,0,0,14,190.55 
2503,銘傳大學,新媒體暨傳播管理學系(台北),2,2,0,0,1,0,0,0,0,0,22,255.40 
2504,銘傳大學,廣播電視學系(台北校區),2,2,0,0,1,0,0,0,0,0,34,265.70 
2505,銘傳大學,廣告暨策略行銷學系(台北),2,2,0,0,1,0,0,0,0,0,31,260.20 
2506,銘傳大學,新聞學系(台北校區),2,2,0,0,1,0,0,0,0,0,17,256.00 
2507,銘傳大學,法律學系(台北校區),2,1.5,0,0,1,0,1,0,0,0,42,317.30 
2510,銘傳大學,財金法律學系(台北校區),2,2,0,0,0,0,1.5,0,0,0,19,309.60 
2511,銘傳大學,應用統計與資料科學系(桃園),2,1,0,1.5,0,0,0,0,0,0,40,168.10 
2512,銘傳大學,經濟與金融學系(桃園校區),2,2,0,1,0,0,0,0,0,0,52,198.80 
2513,銘傳大學,應用中國文學系(桃園校區),2,1,0,0,1.5,1,0,0,0,0,57,262.80 
2514,銘傳大學,應用英語學系(桃園校區),1.5,2,0,0,1,1,0,0,0,0,64,258.05 
2515,銘傳大學,應用日語學系(桃園校區),2,1.5,0,0,1.5,1,0,0,0,0,28,310.60 
2516,銘傳大學,華語文教學學系(桃園校區),2,2,0,0,1,0,0,0,0,0,32,209.10 
2517,銘傳大學,商業設計學系(桃園校區),2,2,0,0,1,1,0,0,0,0,26,311.50 
2520,銘傳大學,商品設計學系(桃園校區),1.5,1.5,0,1,1,1,0,0,0,0,33,294.60 
2521,銘傳大學,數位媒體設計系遊戲組(桃園),1.5,1.5,0,0,1,0,0,0,0,0,13,197.90 
2522,銘傳大學,數位媒體設計系動畫組(桃園),1.5,1.5,0,0,1,1,0,0,0,0,14,259.85 
2523,銘傳大學,建築學系(桃園校區),2,2,0,1,0,0,0,0,0,0,21,231.80 
2524,銘傳大學,都市規劃與防災學系(桃園),2,1,0,0,1,2,0,0,0,0,14,316.60 
2525,銘傳大學,觀光事業學系(桃園校區),1.5,1,0,0,1,2,2,0,0,0,6,439.10 
2526,銘傳大學,休閒遊憩管理學系(桃園校區),1.5,0,0,0,0,1.5,2,0,0,0,7,304.05 
2527,銘傳大學,餐旅管理學系(桃園校區),1.75,1,0,0,1,2,2,0,0,0,9,460.50 
2530,銘傳大學,犯罪防治學系(桃園校區),2,1,0,0,2,0,2,0,0,0,33,415.60 
2531,銘傳大學,公共事務學系(桃園校區),2,1,0,0,1,0,2,0,0,0,31,319.10 
2532,銘傳大學,諮商與工商心理學系(桃園),1,2,0,1,0,0,2,0,0,0,18,305.50 
2533,銘傳大學,資訊管理系行動商管組(桃園),2,1,0,1,0,0,0,0,0,0,19,166.30 
2534,銘傳大學,資訊管理系巨量資料組(桃園),2,1,0,0,1,0,0,0,0,0,16,183.10 
2535,銘傳大學,資訊管理系電子創業組(桃園),2,1,0,0,0,0,1,0,0,0,16,184.30 
2536,銘傳大學,資訊傳播工程學系(桃園校區),2,1.75,0,1.75,0,0,0,0,0,0,29,204.93 
2537,銘傳大學,資訊工程學系(桃園校區),1.75,1.75,0,2,0,0,0,0,0,0,29,215.28 
2540,銘傳大學,電子工程學系半導體組(桃園),2,1.75,0,2,0,0,0,0,0,0,18,203.45 
2541,銘傳大學,電子工程學系計算機組(桃園),2,1.75,0,1.75,0,0,0,0,0,0,10,190.48 
2542,銘傳大學,電腦與通訊工程學系(桃園),2,1.75,0,1.75,0,0,0,0,0,0,40,187.33 
2543,銘傳大學,生物科技學系(桃園校區),1.5,2,0,2,0,0,0,0,0,0,46,186.85 
2544,銘傳大學,醫資管理系健康產業組(桃園),2,1,0,0,0,0,1,0,0,0,16,187.20 
2545,銘傳大學,醫資管理系醫療數據組(桃園),2,1,0,1,0,0,0,0,0,0,16,156.00 
2546,銘傳大學,生醫工程系醫資專利組(桃園),2,1.75,0,1.75,0,0,0,0,0,0,15,198.70 
2547,銘傳大學,生醫工程系臨床工程組(桃園),2,1.75,0,0,0,0,0,0,0,2,15,234.88 
2550,世新大學,新聞學系,2,2,0,0,2,0,1,0,0,0,52,429.40 
2551,世新大學,廣播電視電影學系廣播組,2,2,0,0,1,1,1,0,0,0,17,446.40 
2552,世新大學,廣播電視電影學系電視組,2,2,0,0,1,1,1,0,0,0,27,457.60 
2553,世新大學,廣播電視電影學系電影組,2,2,0,0,1,1,1,0,0,0,23,467.00 
2554,世新大學,圖文傳播暨數位出版學系,2,2,0,1,1,0,1,0,0,0,43,370.10 
2555,世新大學,公共關係暨廣告學系,2,2,0,0,2,0,1,0,0,0,54,419.60 
2556,世新大學,口語傳播學系,2,2,0,0,2,0,1,0,0,0,36,406.60 
2557,世新大學,資訊傳播學系,2,1,0,1,0,0,2,0,0,0,13,345.00 
2560,世新大學,數位多媒體設計系動畫設計組,2,2,0,0,1,0,0,0,0,0,24,265.30 
2561,世新大學,數位多媒體設計系遊戲設計組,1,2,0,2,0,0,0,0,0,0,33,235.30 
2562,世新大學,傳播管理學系,2,2,0,1,2,0,1,0,0,0,44,435.00 
2563,世新大學,資訊管理學系資訊管理組,1.75,2,0,2,0,0,0,0,0,0,44,232.28 
2564,世新大學,資訊管理學系資訊科技組,1.75,2,0,2,0,0,0,0,0,0,22,227.68 
2565,世新大學,資訊管理學系網路科技組,1.75,2,0,2,0,0,0,0,0,0,30,221.78 
2566,世新大學,財務金融學系,1.5,2,0,2,0,0,0,0,0,0,70,234.45 
2567,世新大學,行政管理學系,2,1.5,0,0,0,0,1.75,0,0,0,41,268.10 
2570,世新大學,觀光學系餐旅經營管理組,2,2,0,1,1,1.5,0,0,0,0,31,364.30 
2571,世新大學,觀光系旅遊暨休閒事業管理組,2,2,0,1,1,1.5,0,0,0,0,34,355.10 
2572,世新大學,觀光系觀光規劃暨資源管理組,2,2,0,1,1,1.5,0,0,0,0,25,342.70 
2573,世新大學,經濟學系,1.75,2,0,2,1,1,0,0,0,0,63,338.10 
2574,世新大學,企業管理學系,2,1.75,0,1.5,0,0,0,0,0,0,30,237.50 
2575,世新大學,社會心理學系,1.5,1.5,0,1.5,0,0,1,0,0,0,72,256.70 
2576,世新大學,英語學系,2,2,0,0,1,0,0,0,0,0,58,240.00 
2577,世新大學,中國文學系,2,1,0,0,1,0,0,0,0,0,29,194.10 
2600,世新大學,日本語文學系,2,2,0,0,1,2,0,0,0,0,59,365.30 
2601,世新大學,法律學系,2,1,0,1,1,0,1,0,0,0,41,369.30 
2602,實踐大學,家庭研究與兒童發展系(臺北),2,2,0,1,0,0,0,0,0,0,18,219.00 
2603,實踐大學,餐飲管理學系(臺北校區),1,2,0,1,0,0,0,0,0,0,18,188.50 
2604,實踐大學,食品營養與保健生技系(臺北),1,2,0,0,0,0,0,0,2,2,39,291.70 
2605,實踐大學,社會工作學系(臺北校區),2,2,0,0,0,0,1.5,0,0,0,48,262.80 
2613,實踐大學,服裝設計學系(臺北校區),2,2,0,1,0,0,0,0,0,0,10,325.00 
2614,實踐大學,工業產品設計學系(臺北校區),1,2,0,2,0,0,0,0,0,0,19,343.40 
2615,實踐大學,建築設計學系(臺北校區),1,2,0,1,0,0,0,0,0,0,24,239.60 
2616,實踐大學,媒體設計系3D動畫組(臺北),2,2,0,1.5,0,0,0,0,0,0,13,338.80 
2617,實踐大學,媒體設計系創意設計組(臺北),2,2,0,1.5,0,0,0,0,0,0,15,328.80 
2620,實踐大學,會計學系(臺北校區),2,2,0,2,1,1,0,0,0,0,59,346.00 
2621,實踐大學,國際經營與貿易學系(臺北),2,2,0,1.5,1,1,0,0,0,0,55,330.00 
2622,實踐大學,企業管理學系(臺北校區),2,2,0,2,1,1,0,0,0,0,35,355.20 
2623,實踐大學,財務金融學系(臺北校區),1.5,1.5,0,1,1,1,0,0,0,0,31,284.20 
2624,實踐大學,風險管理與保險學系(臺北),2,2,0,2,1,1,0,0,0,0,30,340.00 
2625,實踐大學,應用外語學系(臺北校區),1.5,2,0,0,1,0,0,0,0,0,52,219.95 
2626,實踐大學,資訊科技與管理學系(臺北),1.75,2,0,2,0,0,0,0,0,0,42,222.30 
2627,實踐大學,管理學院國企英語學程(臺北),1.5,2,0,1,0,0,0,0,0,0,2,276.00 
2630,實踐大學,國際貿易學系(高雄校區),2,1,0,0,2,0,2,0,0,0,25,215.60 
2631,實踐大學,會計稅務系財管應用組(高雄),1,1,0,0,2,2,2,0,0,0,8,310.50 
2632,實踐大學,會計稅務系企業治理組(高雄),1,1,0,0,2,2,2,0,0,0,3,362.30 
2633,實踐大學,資訊管理學系(高雄校區),2,2,0,1.75,0,0,0,0,0,0,31,101.10 
2634,實踐大學,金融管理學系(高雄校區),2,1,0,1,2,2,0,0,0,0,21,213.20 
2635,實踐大學,國際企業管理學系(高雄校區),1,2,0,1,2,1,0,0,0,0,22,165.20 
2636,實踐大學,行銷管理學系(高雄校區),2,1,0,1,2,2,0,0,0,0,25,207.60 
2637,實踐大學,資訊科技通訊系App組(高雄),2,2,1.75,0,0,0,0,0,0,0,22,98.80 
2640,實踐大學,資科與通訊系多媒體組(高雄),2,1,0,1,2,2,0,0,0,0,8,246.70 
2641,實踐大學,資訊模擬與設計學系(高雄),2,2,0,1.75,0,0,0,0,0,0,31,118.20 
2642,實踐大學,應用英語學系(高雄校區),0,1,0,0,2,0,2,0,0,0,30,157.80 
2643,實踐大學,服飾設計與經營學系(高雄),2,2,0,0,2,1,0,0,0,0,49,188.80 
2644,實踐大學,觀光管理學系(高雄校區),2,2,0,0,1,2,1,0,0,0,47,221.40 
2645,實踐大學,休閒產業管理學系(高雄校區),2,1,0,0,0,0,2,0,0,0,26,155.00 
2646,實踐大學,時尚設計學系(高雄校區),2,2,0,0,1,1,1,0,0,0,50,266.70 
2647,實踐大學,應用中文學系(高雄校區),2,1,0,0,1.5,1.5,1,0,0,0,17,219.10 
2650,實踐大學,應用日文學系(高雄校區),1,0,0,0,2,0,2,0,0,0,25,252.70 
2651,實踐大學,電腦動畫學士學位學程(高雄),2,2,0,1.75,0,0,0,0,0,0,3,251.15 
2652,長榮大學,企業管理學系,2,1,0,1,2,2,0,0,0,0,33,201.20 
2653,長榮大學,國際企業學系,2,1,0,1,2,2,0,0,0,0,7,275.10 
2654,長榮大學,會計資訊學系,2,1,0,1,2,2,0,0,0,0,9,273.80 
2655,長榮大學,航運管理學系,2,2,0,1,1,2,0,0,0,0,37,336.40 
2656,長榮大學,土地管理與開發學系,2,1,0,1,2,2,0,0,0,0,10,243.40 
2657,長榮大學,財務金融學系,2,1,0,1,2,0,2,0,0,0,14,283.50 
2660,長榮大學,財務金融學系(投資資訊組),2,1,0,2,1,0,2,0,0,0,3,212.10 
2661,長榮大學,運動競技學系,2,1,1,0,0,0,0,2,0,2,8,205.30 
2662,長榮大學,創新應用管理學系,2,1,0,1,2,2,0,0,0,0,0,--
2663,長榮大學,觀光與餐飲管理學系,2,1,0,1,2,2,0,0,0,0,35,232.40 
2664,長榮大學,國際會展管理學士學位學程,2,1,0,1,2,2,0,0,0,0,1,338.70 
2665,長榮大學,國際財務與商管學程(商務組),2,2,0,1,2,1,0,0,0,0,3,255.80 
2666,長榮大學,國際財務與商管學程(財務組),2,2,0,1,2,1,0,0,0,0,0,--
2667,長榮大學,不動產財務金融學士學位學程,2,1,0,1,2,2,0,0,0,0,0,--
2670,長榮大學,醫務管理學系(醫療機構組),2,2,0,2,1,1,0,0,0,0,12,287.20 
2671,長榮大學,醫務管理學系(長照機構組),2,2,0,2,1,1,0,0,0,0,10,251.60 
2672,長榮大學,職業安全衛生系(職業安全組),2,0,0,1,2,1,2,0,0,0,2,384.80 
2673,長榮大學,職業安全衛生系(職業衛生組),2,0,0,1,2,1,2,0,0,0,2,345.80 
2674,長榮大學,職業安全衛生系(安衛管理組),2,0,0,1,2,1,2,0,0,0,7,232.60 
2675,長榮大學,職業安全衛生系(職業醫學組),2,1,1,0,0,0,0,0,1,2,4,216.00 
2676,長榮大學,護理學系(A組),1,2,2,0,0,0,0,0,1,2,29,279.40 
2677,長榮大學,護理學系(B組),1,2,2,0,0,0,0,0,1,2,15,271.50 
2700,長榮大學,生物科技學系,2,1,1,0,0,0,0,0,2,2,20,240.60 
2701,長榮大學,健康心理學系,2,2,1,0,0,0,0,0,1,2,16,248.40 
2702,長榮大學,保健營養學系,2,1,1,0,0,0,0,0,2,2,20,255.70 
2703,長榮大學,醫藥科學產業學系,1,2,1,0,0,0,0,0,2,2,18,190.60 
2704,長榮大學,環境與食安檢驗學程(環境組),2,1,2,0,0,0,0,0,1,2,3,220.70 
2705,長榮大學,環境與食安檢驗學程(食品組),2,1,2,0,0,0,0,0,2,1,2,247.60 
2706,長榮大學,環境與食安檢驗學程(管理組),2,1,0,1,2,0,2,0,0,0,8,224.90 
2707,長榮大學,消防安全學士學位學程,2,1,0,1,2,0,2,0,0,0,7,247.20 
2710,長榮大學,大眾傳播學系,2,1,0,0,2,1,2,0,0,0,36,325.20 
2711,長榮大學,翻譯學系,2,2,0,0,2,1,1,0,0,0,17,235.00 
2712,長榮大學,社會工作學系(社工專業組),2,1,0,0,1.5,1,2,0,0,0,17,358.35 
2713,長榮大學,社會工作系(高齡服務管理組),2,1,0,0,1.5,1,2,0,0,0,17,326.85 
2714,長榮大學,媒體設計科技系(視覺傳達組),2,2,0,1,2,0,1,0,0,0,8,251.00 
2715,長榮大學,媒體設計科技系(影視動畫組),2,2,0,1,2,0,1,0,0,0,8,197.80 
2716,長榮大學,應用日語學系,2,2,0,0,2,1,1,0,0,0,15,331.20 
2717,長榮大學,美術學系,2,1,0,0,1.5,1,1.5,0,0,0,12,209.70 
2720,長榮大學,應用哲學系(公共參與組),2,1,0,1,1,0,2,0,0,0,2,227.00 
2721,長榮大學,應用哲學系(生命關懷組),2,1,0,1,1,0,2,0,0,0,1,267.50 
2722,長榮大學,書畫藝術學系,2,0,0,0,1.5,1,1.5,0,0,0,3,274.90 
2723,長榮大學,台灣文化創意產業學位學程,1.5,0,0,0,2,2,1,0,0,0,4,265.70 
2724,長榮大學,資訊管理系(手機軟體設計組),2,2,1,0,0,0,0,2,1,0,7,205.80 
2725,長榮大學,資訊管理系(數據智慧應用組),2,2,0,1,2,1,0,0,0,0,4,197.00 
2726,長榮大學,科技工程管理系(綠能管理組),2,2,0,2,1,1,0,0,0,0,3,265.40 
2727,長榮大學,科技工程與管理系(機器人組),2,2,2,0,0,0,0,1,1,0,8,150.40 
2730,長榮大學,資訊工程學系(互動多媒體組),2,2,0,2,1,1,0,0,0,0,2,253.10 
2731,長榮大學,資訊工程學系,2,2,2,0,0,0,0,1,1,0,9,223.80 
2732,長榮大學,數位內容設計系(遊戲APP組),2,1,0,1,2,2,0,0,0,0,7,214.60 
2733,長榮大學,數位內容設計系(設計創客組),2,1,0,1,2,2,0,0,0,0,4,342.20 
2734,長榮大學,互動設計系(互動裝置應用組),2,1,0,1,2,2,0,0,0,0,1,305.00 
2735,長榮大學,互動設計系(美學資訊設計組),2,1,0,1,2,2,0,0,0,0,1,342.80 
2736,長榮大學,醫社暨健康照護學程(照護組),1,2,1,0,0,0,0,0,2,2,9,207.60 
2737,長榮大學,醫社暨健康照護學程(社福組),1,2,1,0,0,0,0,0,2,2,8,171.80 
2740,長榮大學,東南亞文化產業學程(觀光組),1,1,0,0,2,2,2,0,0,0,4,308.00 
2741,長榮大學,東南亞文化產業學程(商貿組),1,1,0,0,2,2,2,0,0,0,5,400.50 
2742,長榮大學,智慧生活應用學程(智聯網組),2,2,1,0,0,0,0,2,1,0,3,158.20 
2743,長榮大學,智慧生活應用學程(設計組),2,2,0,1,2,1,0,0,0,0,2,230.00 
2744,長榮大學,無人機應用學士學位學程,2,2,2,0,0,0,0,1,1,0,3,183.10 
2756,國立臺灣藝術大學,圖文傳播藝術學系,1.5,2,0,2,0,0,0,0,0,0,27,409.80 
2757,國立臺灣藝術大學,廣播電視學系,1.5,1.5,0,1,1,0,1,0,0,0,24,446.55 
2760,國立臺灣藝術大學,電影學系,2,2,0,1,1,0,1,0,0,0,24,508.60 
2761,國立臺灣藝術大學,戲劇學系(男),2,2,0,1,1,1,0,0,0,0,7,485.20 
2762,國立臺灣藝術大學,戲劇學系(女),2,2,0,1,1,1,0,0,0,0,8,507.60 
2764,國立暨南國際大學,中國語文學系,2,1.25,0,0,1.75,1,0,0,0,0,17,384.55 
2765,國立暨南國際大學,外國語文學系,1.25,1.5,0,1,1,1,0,0,0,0,30,352.48 
2766,國立暨南國際大學,社會政策與社會工作學系,1.5,1.5,0,1,1,0,1.5,0,0,0,27,389.70 
2767,國立暨南國際大學,公共行政與政策學系,1,1.25,0,1,1,0,1,0,0,0,37,322.98 
2770,國立暨南國際大學,歷史學系,1,1.25,0,1,1,1,0,0,0,0,31,297.18 
2771,國立暨南國際大學,東南亞學系,0,1.5,0,0,1.25,1,1,0,0,0,13,329.88 
2772,國立暨南國際大學,國際企業學系,1,2,0,1.5,0,0,0,0,0,0,38,278.60 
2773,國立暨南國際大學,經濟學系,1,2,0,2,0,0,0,0,0,0,38,304.30 
2774,國立暨南國際大學,資訊管理學系,1.75,2,0,2,0,0,0,0,0,0,23,355.70 
2775,國立暨南國際大學,財務金融學系,1,2,0,2,0,0,0,0,0,0,37,334.60 
2776,國立暨南國際大學,觀光休閒與餐旅管理系觀光組,2,2,0,1,0,0,0,0,0,0,11,269.60 
2777,國立暨南國際大學,觀光休閒與餐旅管理系餐旅組,2,2,0,1,0,0,0,0,0,0,10,274.40 
3000,國立暨南國際大學,國際文教與比較教育學系,1.5,2,0,1,0,0,0,0,0,0,17,243.45 
3001,國立暨南國際大學,教育政策與行政學系,1.5,2,0,1,0,0,1.5,0,0,0,11,343.55 
3002,國立暨南國際大學,諮商心理與人資發展系諮商組,1.5,1.5,0,1.5,0,0,1,0,0,0,11,344.05 
3003,國立暨南國際大學,諮商與人資發展系人資發展組,1.25,1.5,0,1.25,0,0,1,0,0,0,12,295.95 
3004,國立暨南國際大學,資訊工程學系,1,2,2,0,0,0,0,1,1,0,24,364.10 
3005,國立暨南國際大學,土木工程學系,1,2,2,0,0,0,0,2,1,0,32,343.40 
3006,國立暨南國際大學,電機工程學系,1,1.5,1.5,0,0,0,0,1.5,1,0,31,351.65 
3007,國立暨南國際大學,應用化學系,1,2,2,0,0,0,0,1,2,0,33,364.80 
3010,國立暨南國際大學,應用材料及光電工程學系,1,2,2,0,0,0,0,2,1,0,24,384.70 
3011,南華大學,財務金融學系,2,2,0,1.75,0,0,0,0,0,0,11,110.80 
3012,南華大學,企業管理學系經營管理組,2,1,0,0,2,0,0,0,0,0,7,139.00 
3013,南華大學,企業管理學系行銷與創業組,2,1,0,0,2,0,0,0,0,0,1,231.20 
3014,南華大學,文化創意事業管理學系行銷組,2,1,0,0,2,0,0,0,0,0,4,182.50 
3015,南華大學,文化創意事業管理學系產業組,2,1,0,0,2,0,0,0,0,0,2,146.20 
3016,南華大學,旅遊管理學系,2,1,0,0,2,2,0,0,0,0,8,213.30 
3017,南華大學,管理學院國際企業學位學程,2,2,0,1,0,0,0,0,0,0,2,117.40 
3020,南華大學,生死學系社會工作組,2,1,0,1,0,0,0,0,0,0,10,108.80 
3021,南華大學,生死學系殯葬服務組,2,1,0,1,0,0,0,0,0,0,4,131.60 
3022,南華大學,生死學系諮商組,2,1,0,1,0,0,0,0,0,0,8,121.10 
3023,南華大學,幼兒教育學系,2,1.5,0,0,1.25,0,0,0,0,0,11,117.65 
3024,南華大學,文學系,2,1,0,0,2,2,1,0,0,0,3,248.20 
3025,南華大學,外國語文學系,2,2,0,1,2,1,0,0,0,0,7,221.40 
3026,南華大學,應用社會學系社會學組,2,1,0,1,2,1,0,0,0,0,9,181.40 
3027,南華大學,應用社會學系社會工作組,2,1,0,1,2,1,0,0,0,0,13,183.60 
3030,南華大學,傳播學系,2,0,0,0,2,1,0,0,0,0,10,160.80 
3031,南華大學,國際事務與企業學系,2,0,0,0,2,1,0,0,0,0,2,258.20 
3032,南華大學,視覺藝術與設計學系,2,0,0,0,2,1,0,0,0,0,17,174.40 
3033,南華大學,建築與景觀學系社會組,2,1,0,1,0,0,0,0,0,0,5,147.90 
3034,南華大學,建築與景觀學系自然組,2,1,1,0,0,0,0,0,0,0,3,132.80 
3035,南華大學,資訊工程學系社會組,2,1.75,0,2,0,0,0,0,0,0,5,112.45 
3036,南華大學,資訊工程學系自然組,2,1.75,2,0,0,0,0,0,0,0,10,94.55 
3037,南華大學,自然生物科技學系,2,1,0,0,0,0,0,0,0,2,16,140.80 
3040,南華大學,資訊管理學系資訊管理組,2,1.75,0,2,0,0,0,0,0,0,0,--
3041,南華大學,資訊管理系多媒體行動商務組,2,1.75,0,2,0,0,0,0,0,0,1,119.98 
3044,國立臺灣體育運動大學,運動事業管理學系,2,2,0,1.75,1,1,0,0,0,0,17,402.85 
3045,國立臺灣體育運動大學,運動健康科學系,1,2,0,0,0,0,0,1,1.5,2,27,291.00 
3046,國立臺灣體育運動大學,運動資訊與傳播學系(傳播組),2,2,0,0,1.75,1,0,0,0,0,10,418.30 
3047,國立臺灣體育運動大學,運動資訊與傳播學系(資訊組),2,1.75,1,0,0,0,0,1.5,0,0,15,243.13 
3050,國立臺南藝術大學,藝術史學系,1.5,1.75,0,1,1.5,1,0,0,0,0,30,362.38 
3051,國立臺南藝術大學,應用音樂學系(藝術管理組),1.5,1.5,0,0,1,1,0,0,0,0,4,333.00 
3054,玄奘大學,社會工作學系,2,0,0,0,2,1,2,0,0,0,6,236.80 
3055,玄奘大學,應用心理學系,2,0,0,0,2,1,2,0,0,0,12,247.00 
3056,玄奘大學,法律學系,2,0,0,0,2,1,2,0,0,0,9,220.80 
3057,玄奘大學,大眾傳播學系,2,1,0,0,2,2,0,0,0,0,7,202.80 
3060,玄奘大學,廣播與電視新聞學系,2,1,0,0,2,2,0,0,0,0,1,270.30 
3061,玄奘大學,影劇藝術學系,2,1,0,0,2,2,0,0,0,0,5,267.80 
3062,玄奘大學,視覺傳達設計學系廣告設計組,2,1,0,0,2,2,0,0,0,0,4,208.00 
3063,玄奘大學,視覺傳達設計學系數位媒體組,2,1,0,0,2,2,0,0,0,0,5,202.00 
3064,玄奘大學,藝術與創意設計學系,2,1,0,0,2,2,0,0,0,0,8,247.20 
3065,玄奘大學,時尚設計學系,2,1,0,0,2,2,0,0,0,0,3,213.10 
3066,玄奘大學,應用外語學系(日語組),2,1,0,0,2,2,0,0,0,0,2,243.40 
3067,玄奘大學,應用外語學系(英語組),2,1,0,0,2,2,0,0,0,0,2,226.60 
3070,玄奘大學,企業管理學系,2,1,0,0,2,2,0,0,0,0,0,--
3071,玄奘大學,資訊管理學系,2,1,0,0,2,2,0,0,0,0,1,335.90 
3072,玄奘大學,餐旅管理學系,2,1,0,0,2,2,0,0,0,0,4,256.80 
3073,真理大學,工業管理與經營資訊系(台北),2,1,0,1,0,0,0,0,0,0,20,68.20 
3074,真理大學,企業管理學系(台北校區),2,1,0,1,2,2,0,0,0,0,42,229.70 
3075,真理大學,資訊管理學系(台北校區),2,1,0,1,2,2,0,0,0,0,28,214.40 
3076,真理大學,法律學系(台北校區),2,1,0,0,2,0,2,0,0,0,64,302.40 
3077,真理大學,會計資訊學系(台北校區),2,1,0,1,2,2,0,0,0,0,14,216.10 
3100,真理大學,財務金融學系(台北校區),2,1,0,1,2,2,0,0,0,0,39,221.80 
3101,真理大學,國際貿易學系(台北校區),2,1.5,0,1,1,2,0,0,0,0,37,181.65 
3102,真理大學,財政稅務學系(台北校區),2,1,0,1,2,2,0,0,0,0,3,208.40 
3103,真理大學,經濟學系(台北校區),2,1,0,1,2,2,0,0,0,0,14,218.60 
3104,真理大學,觀光事業學系(台北校區),1,2,0,1,2,2,0,0,0,0,61,270.50 
3105,真理大學,觀光數位知識學系(台北校區),2,1,0,1,2,2,0,0,0,0,15,203.70 
3106,真理大學,人文與資訊學系(台北校區),2,1,0,0,2,0,0,0,0,0,21,138.30 
3107,真理大學,宗教文化與組織管理系(台北),2,1,0,0,2,1,0,0,0,0,4,213.80 
3110,真理大學,英美語文學系(台北校區),2,2,0,0,1,2,0,0,0,0,52,212.40 
3111,真理大學,應用日語學系(台北校區),2,1.5,0,0,1.5,0,0,0,0,0,26,141.55 
3112,真理大學,台灣文學系(台北校區),2,0,0,0,1.5,1.5,0,0,0,0,13,157.20 
3114,真理大學,音樂應用系行政管理組(台北),2,1.5,0,0,1,0,0,0,0,0,10,172.05 
3115,真理大學,財務精算系保險經營組(台北),2,1.5,0,2,1,1,0,0,0,0,4,215.35 
3116,真理大學,財務精算系財務資訊組(台北),2,1.75,0,2,0,0,0,0,0,0,7,101.05 
3117,真理大學,資訊工程學系乙組(台北校區),2,1.75,0,2,0,0,0,0,0,0,14,98.55 
3120,真理大學,資訊工程學系甲組(台北校區),2,1,0,1,2,2,0,0,0,0,19,211.80 
3121,真理大學,運動管理學系(台北校區),2,1,0,0,2,2,0,0,0,0,47,204.00 
3122,真理大學,運動資訊傳播學系(台北校區),2,2,0,1.75,0,0,0,0,0,0,42,111.30 
3123,真理大學,休閒遊憩事業學系(台南校區),2,2,0,1,0,0,0,0,0,0,12,79.60 
3124,國立臺北大學,法律學系法學組,1.5,1.5,0,1,1,0,1,0,0,0,25,469.55 
3125,國立臺北大學,法律學系司法組,1.5,1.5,0,1,1,0,1,0,0,0,27,472.55 
3126,國立臺北大學,法律學系財經法組,1.5,1.5,0,1,1,0,1,0,0,0,36,473.90 
3127,國立臺北大學,企業管理學系,1.5,2,0,2,0,0,0,0,0,0,47,427.00 
3130,國立臺北大學,金融與合作經營學系,1,2,0,2,0,0,0,0,0,0,28,404.70 
3131,國立臺北大學,會計學系,1,2,0,2,0,0,0,0,0,0,90,397.00 
3132,國立臺北大學,統計學系,1,1.25,0,1.5,0,0,0,0,0,0,46,291.50 
3133,國立臺北大學,公共行政暨政策學系,1.5,1.5,0,1,0,0,1.5,0,0,0,63,412.25 
3134,國立臺北大學,財政學系,1.25,1.25,0,1.25,1,1,0,0,0,0,29,447.05 
3135,國立臺北大學,不動產與城鄉環境學系,1,1.5,0,1.5,0,1,0,0,0,0,74,377.15 
3136,國立臺北大學,經濟學系,1,1.5,0,1.5,0,0,0,0,0,0,95,309.70 
3137,國立臺北大學,社會學系,1,1.5,0,1,0,0,0,0,0,0,24,258.55 
3140,國立臺北大學,社會工作學系,1.5,1.25,0,1,1,0,1.25,0,0,0,29,447.85 
3141,國立臺北大學,中國文學系,2,1.25,0,0,1.25,1,0,0,0,0,38,399.35 
3142,國立臺北大學,應用外語學系,1.5,2,0,0,1,1,0,0,0,0,32,413.80 
3143,國立臺北大學,歷史學系,1.25,1.25,0,0,1.5,1,1,0,0,0,27,452.40 
3144,國立臺北大學,資訊工程學系,1,1.25,1.5,0,0,0,0,1.25,1,0,32,383.60 
3145,國立臺北大學,通訊工程學系,1,1.25,1.5,0,0,0,0,1.25,1,0,11,379.35 
3146,國立臺北大學,電機工程學系,1,1,1,0,0,0,0,1,1,0,23,324.20 
3147,國立臺北大學,休閒運動管理學系,1.5,2,0,1.5,0,0,0,0,0,0,5,372.60 
3150,國立嘉義大學,教育學系,1.5,1.5,0,1.5,1,0,1,0,0,0,30,383.05 
3151,國立嘉義大學,輔導與諮商學系,1.5,1.5,0,1.5,1,0,1,0,0,0,39,413.20 
3153,國立嘉義大學,特殊教育學系,1.5,1.5,0,1.5,1,1,0,0,0,0,17,368.70 
3154,國立嘉義大學,幼兒教育學系,1.5,1.5,0,1,1,1,0,0,0,0,19,337.20 
3155,國立嘉義大學,數位學習設計管理系(社會組),1.5,1.5,0,1.5,1,1,0,0,0,0,10,403.20 
3156,國立嘉義大學,數位學習設計管理系(自然組),2,2,1.5,0,0,0,0,0,0,0,9,259.30 
3157,國立嘉義大學,中國文學系,2,1,0,1,1.5,1,0,0,0,0,33,377.25 
3161,國立嘉義大學,應用歷史學系,1.25,1,0,0,1.5,1.25,0,0,0,0,26,326.20 
3162,國立嘉義大學,外國語言學系英語教學組,1.5,1.5,0,1,1,1,0,0,0,0,39,342.80 
3163,國立嘉義大學,外國語言學系應用外語組,1.5,1.5,0,1,1,1,0,0,0,0,41,365.90 
3166,國立嘉義大學,企業管理學系,2,1.5,0,2,1,1,0,0,0,0,28,500.90 
3167,國立嘉義大學,應用經濟學系,1,1.5,0,1.5,0,0,0,0,0,0,28,266.50 
3170,國立嘉義大學,生物事業管理學系,1,1.5,0,1,0,0,0,0,0,0,25,189.40 
3171,國立嘉義大學,資訊管理學系(自然組),1,1.5,2,0,0,0,0,0,0,0,11,219.70 
3172,國立嘉義大學,資訊管理學系(社會組),1,1.5,0,2,0,0,0,0,0,0,11,312.95 
3173,國立嘉義大學,行銷與觀光管理學系,1.5,1.5,0,1.5,1,1,0,0,0,0,27,403.90 
3174,國立嘉義大學,財務金融學系,1.5,2,0,2,0,0,0,0,0,0,27,378.30 
3175,國立嘉義大學,農藝學系,1,1.5,1,0,0,0,0,0,1.5,1.5,21,310.65 
3176,國立嘉義大學,園藝學系,1,1.5,1,0,0,0,0,0,1.5,1.5,23,294.75 
3177,國立嘉義大學,森林暨自然資源學系,1,1.5,1,0,0,0,0,0,1.5,1.5,21,288.50 
3200,國立嘉義大學,木質材料與設計學系,1,1.5,1,0,0,0,0,1.5,1.5,0,25,277.40 
3201,國立嘉義大學,動物科學系,1,1.5,1,0,0,0,0,0,1.5,1.5,26,374.75 
3202,國立嘉義大學,生物農業科技學系,1,1.5,1,0,0,0,0,0,1.5,1.5,22,309.30 
3203,國立嘉義大學,景觀學系(社會組),2,1,0,1.5,1,2,0,0,0,0,15,454.80 
3204,國立嘉義大學,景觀學系(自然組),1.5,1,1,0,0,0,0,0,0,2,15,258.70 
3205,國立嘉義大學,植物醫學系,1,1.5,1,0,0,0,0,0,1.5,1.5,26,326.20 
3206,國立嘉義大學,電子物理學系,1,1.5,1.5,0,0,0,0,2,1,0,20,359.45 
3207,國立嘉義大學,應用化學系,1,2,1,0,0,0,0,1.5,2,0,31,404.35 
3210,國立嘉義大學,應用數學系,1,1.5,2,0,0,0,0,1.5,1,0,28,321.75 
3211,國立嘉義大學,資訊工程學系,1,1.5,2,0,0,0,0,1.25,1,0,20,353.88 
3212,國立嘉義大學,生物機電工程學系,1,1.5,1.75,0,0,0,0,1.5,1,0,29,316.55 
3213,國立嘉義大學,土木與水資源工程學系,1,1.5,2,0,0,0,0,1.75,1,0,35,320.20 
3214,國立嘉義大學,電機工程學系,1,1.5,1.75,0,0,0,0,1.5,1,0,40,359.65 
3215,國立嘉義大學,機械與能源工程學系,1,1.5,1.75,0,0,0,0,1.5,1,0,27,338.95 
3216,國立嘉義大學,食品科學系,1,1.5,1,0,0,0,0,0,1.5,1.5,25,331.25 
3217,國立嘉義大學,水生生物科學系,1,2,1,0,0,0,0,0,2,2,25,356.00 
3220,國立嘉義大學,生物資源學系,1,1.5,1,0,0,0,0,0,1.5,2,29,326.55 
3221,國立嘉義大學,生化科技學系,1,1.5,1,0,0,0,0,0,2,2,24,381.90 
3222,國立嘉義大學,微生物免疫與生物藥學系,1,1.75,1,0,0,0,0,0,1.75,1.5,28,377.08 
3223,國立嘉義大學,獸醫學系,1,1.25,1,0,0,0,0,0,1.25,1.25,25,432.95 
3224,國立高雄大學,西洋語文學系,1.5,2,0,0,1,1,1,0,0,0,30,412.40 
3225,國立高雄大學,運動健康與休閒學系,1.5,2,0,2,0,0,0,0,0,0,44,309.95 
3226,國立高雄大學,創意設計與建築系創意設計組,2,1.5,0,0,2,0,0,0,0,0,28,348.45 
3227,國立高雄大學,創意設計與建築學系建築組,1.5,2,1.75,0,0,0,0,1,1,0,11,379.85 
3230,國立高雄大學,東亞語文學系日語組,2,2,0,0,1,1,0,0,0,0,8,410.50 
3231,國立高雄大學,東亞語文學系韓語組,2,2,0,0,1,1,0,0,0,0,6,415.00 
3232,國立高雄大學,東亞語文學系越語組,2,2,0,0,1,1,0,0,0,0,8,408.90 
3233,國立高雄大學,法律學系,1.25,1.25,0,1,1,0,1,0,0,0,31,397.50 
3234,國立高雄大學,政治法律學系,1.25,1.5,0,1,1,0,1,0,0,0,33,404.75 
3235,國立高雄大學,財經法律學系,1.25,1.25,0,1,1,0,1,0,0,0,16,404.73 
3236,國立高雄大學,應用經濟學系,1.5,2,0,2,0,0,0,0,0,0,40,382.40 
3237,國立高雄大學,亞太工商管理學系企業管理組,1,1.25,0,1,1,1,0,0,0,0,13,368.75 
3240,國立高雄大學,亞太工商管理學系工業管理組,1,1.25,1,0,0,0,0,1,1,0,14,255.08 
3241,國立高雄大學,資訊管理學系,1,1.5,0,1.5,0,0,0,0,0,0,21,282.60 
3242,國立高雄大學,金融管理學系,1,1.5,0,1.5,1,1,0,0,0,0,28,433.45 
3243,國立高雄大學,應用數學系,1,1,2,0,0,0,0,1.5,0,0,30,280.60 
3244,國立高雄大學,應用化學系,0,1,1,0,0,0,0,1,1.5,0,34,259.30 
3245,國立高雄大學,應用物理學系,1,1,1.5,0,0,0,0,2,1,0,23,360.30 
3246,國立高雄大學,生命科學系,0,1.25,1,0,0,0,0,1,1.5,1.5,33,302.83 
3247,國立高雄大學,電機工程學系,1,1.5,1.5,0,0,0,0,1.5,1,0,39,386.60 
3250,國立高雄大學,土木與環境工程學系,1,1,2,0,0,0,0,1.5,1.5,0,26,379.20 
3251,國立高雄大學,化學工程及材料工程學系,1,1.25,1,0,0,0,0,1.25,1.5,0,26,365.70 
3252,國立高雄大學,資訊工程學系,1,1,1.5,0,0,0,0,1,1,0,27,323.50 
3253,慈濟大學,醫學系(自費),0,1.25,1,0,0,0,0,1,1,1.25,19,467.98 
3254,慈濟大學,醫學系(公費),0,1.25,1,0,0,0,0,1,1,1.25,6,465.03 
3255,慈濟大學,醫學檢驗生物技術學系,1,1.75,1,0,0,0,0,0,1.5,1.5,21,369.33 
3256,慈濟大學,公共衛生學系,1.5,2,1.5,0,0,0,0,0,1,1,33,200.00 
3257,慈濟大學,護理學系,1,2,1,0,0,0,0,0,1,2,36,316.90 
3260,慈濟大學,醫學資訊學系,2,1.5,0,1.5,0,0,0,0,0,0,18,153.15 
3261,慈濟大學,物理治療學系,1,2,1,0,0,0,0,1,0,1,14,375.80 
3262,慈濟大學,生命科學系,1,1.75,1,0,0,0,0,0,2,2,25,202.40 
3263,慈濟大學,分子生物暨人類遺傳學系,1,1.75,1,0,0,0,0,0,2,2,27,200.75 
3264,慈濟大學,傳播學系,2,1,0,0,1.5,0,1.5,0,0,0,20,176.30 
3265,慈濟大學,兒童發展與家庭教育學系,2,2,0,1,1,1,0,0,0,0,12,240.00 
3266,慈濟大學,社會工作學系,1.5,1.5,0,1,1,0,2,0,0,0,28,246.20 
3267,慈濟大學,人類發展與心理學系,2,1.5,0,1.5,0,0,0,0,0,0,22,152.95 
3270,慈濟大學,東方語文學系中文組,2,1,0,0,2,2,0,0,0,0,3,263.80 
3271,慈濟大學,東方語文學系日文組,2,1,0,0,2,2,0,0,0,0,10,220.90 
3272,慈濟大學,英美語文學系,2,2,0,1,0,0,0,0,0,0,8,100.00 
3273,臺北醫學大學,醫學系,0,1,1,0,0,0,0,1,1,1,31,440.20 
3274,臺北醫學大學,牙醫學系,0,1,1,0,0,0,0,1,1,1,22,425.80 
3275,臺北醫學大學,藥學系藥學組,1,1.25,1,0,0,0,0,0,1.25,1.25,75,446.20 
3276,臺北醫學大學,藥學系臨床藥學組,1,1.25,1,0,0,0,0,0,1.25,1.25,12,455.98 
3277,臺北醫學大學,醫學檢驗暨生物技術學系,1,1.5,1,0,0,0,0,0,1.5,1.5,38,465.40 
3300,臺北醫學大學,護理學系,1,1.5,1,0,0,0,0,0,1.25,1.5,15,425.70 
3301,臺北醫學大學,保健營養學系,1,2,1,0,0,0,0,0,2,2,17,563.90 
3302,臺北醫學大學,公共衛生學系,1,1.5,1,0,0,0,0,0,1.5,1.5,18,439.85 
3303,臺北醫學大學,醫務管理學系,1.5,1.5,0,1.25,0,0,0,0,0,0,31,309.10 
3304,臺北醫學大學,呼吸治療學系,0,1.25,1,0,0,0,0,1,1.25,1.25,16,406.65 
3305,臺北醫學大學,高齡健康管理學系,1,1.5,1,0,0,0,0,0,1.25,1.5,12,405.65 
3306,臺北醫學大學,牙體技術學系,1,1.5,0,0,0,0,0,1,1.25,1.25,16,436.03 
3307,臺北醫學大學,口腔衛生學系,1,1.25,1,0,0,0,0,0,1,1.25,11,364.18 
3310,臺北醫學大學,生物醫學工程學系,0,1,0,0,0,0,0,1.5,1.5,1.5,12,426.05 
3311,臺北醫學大學,食品安全學系,1,1.5,1,0,0,0,0,0,2,2,10,518.75 
3312,開南大學,企業與創業管理系企業管理組,2,2,0,1.75,0,0,0,0,0,0,9,127.40 
3313,開南大學,企業與創業管理系創業管理組,2,2,0,1.75,0,0,0,0,0,0,6,113.50 
3314,開南大學,國際企業學系(社會組),2,2,0,1.75,0,0,0,0,0,0,7,101.60 
3315,開南大學,國際企業學系(自然組),2,2,1.75,0,0,0,0,0,0,0,1,148.70 
3316,開南大學,會計學系,2,2,0,1.75,0,0,0,0,0,0,9,124.65 
3317,開南大學,財務金融系財管與金融投資組,2,2,0,1.75,0,0,0,0,0,0,4,108.60 
3320,開南大學,財務金融系數據應用與管理組,2,2,1.75,0,0,0,0,0,0,0,0,--
3321,開南大學,行銷學系(品牌管理組),2,2,0,1.75,0,0,0,0,0,0,8,110.70 
3322,開南大學,行銷學系(數位行銷組),2,2,1.75,0,0,0,0,0,0,0,3,116.90 
3323,開南大學,物流與航運管理學系(航運組),2,2,0,1.75,0,0,0,0,0,0,2,120.80 
3324,開南大學,物流與航運管理學系(物流組),2,2,1.75,0,0,0,0,0,0,0,4,97.50 
3325,開南大學,觀光與餐飲旅館學系,2,2,0,1.75,0,0,0,0,0,0,20,99.40 
3326,開南大學,空運管理系航空與旅遊服務組,2,2,0,1.75,0,0,0,0,0,0,14,100.00 
3327,開南大學,空運管理學系空運科技管理組,2,2,1.75,0,0,0,0,0,0,0,3,102.60 
3330,開南大學,運輸科技與管理系服務產業組,2,2,0,1.75,0,0,0,0,0,0,1,106.10 
3331,開南大學,運輸科技與管理系運輸產業組,2,2,1.75,0,0,0,0,0,0,0,2,125.10 
3332,開南大學,休閒事業管理學系活動指導組,2,2,0,1.75,0,0,0,0,0,0,2,110.80 
3333,開南大學,休閒事業管理系產業與社區組,2,2,0,1.75,0,0,0,0,0,0,2,115.60 
3334,開南大學,多媒體與行動商務學系,2,2,0,1.75,0,0,0,0,0,0,0,--
3335,開南大學,資訊管理學系資訊管理組,2,2,0,1.75,0,0,0,0,0,0,2,175.00 
3336,開南大學,資訊管理學系資訊科技應用組,2,1.75,0,2,0,0,0,0,0,0,5,132.05 
3337,開南大學,資訊傳播學系,2,0,0,0,2,1.75,0,0,0,0,7,194.20 
3340,開南大學,電影與創意媒體學系,2,2,0,1.75,0,0,0,0,0,0,14,101.70 
3341,開南大學,數位空間與設計學程(社會組),2,2,0,1.75,0,0,0,0,0,0,2,144.00 
3342,開南大學,數位空間與設計學程(自然組),2,2,1.75,0,0,0,0,0,0,0,3,119.45 
3343,開南大學,法律學系,2,0,0,0,1.75,0,2,0,0,0,36,195.80 
3344,開南大學,公共事務管理學系(社會組),2,2,0,1.75,0,0,0,0,0,0,2,129.05 
3345,開南大學,公共事務管理學系(自然組),2,2,1.75,0,0,0,0,0,0,0,0,--
3346,開南大學,應用英語學系,2,2,0,1.75,0,0,0,0,0,0,7,106.70 
3347,開南大學,應用日語學系,2,2,0,1.75,0,0,0,0,0,0,23,109.50 
3350,開南大學,保健營養學系,0,2,0,0,0,0,0,0,1.75,2,29,106.15 
3351,開南大學,養生與健康行銷學系,1.75,0,0,0,0,2,2,0,0,0,4,205.58 
3352,開南大學,健康產業管理學系,2,0,0,1.75,0,0,2,0,0,0,3,155.20 
3353,開南大學,形象與健康管理學士學位學程,2,2,0,1.75,0,0,0,0,0,0,1,133.80 
3354,康寧大學,數位應用學系(台南校區),2,2,0,1.75,0,0,0,0,0,0,0,--
3355,康寧大學,資訊傳播學系(台南校區),2,2,0,1.75,0,0,0,0,0,0,0,--
3356,康寧大學,應用外語系應用日語組(台南),2,2,0,1.75,0,0,0,0,0,0,2,177.20 
3357,康寧大學,應用外語系應用英語組(台南),2,2,0,1.75,0,0,0,0,0,0,1,120.70 
3360,康寧大學,休閒管理學系(台南校區),2,2,0,1.75,0,0,0,0,0,0,4,106.80 
3361,康寧大學,餐飲管理學系(台南校區),2,2,0,1.75,0,0,0,0,0,0,4,101.60 
3362,康寧大學,健康照護管理學系(台南校區),2,2,0,1.75,0,0,0,0,0,0,1,134.00 
3363,康寧大學,企業管理學系(台南校區),2,2,0,1.5,0,0,0,0,0,0,0,--
3364,康寧大學,長期照護學系(台北校區),2,2,0,1,0,0,0,0,0,0,27,127.00 
3365,康寧大學,嬰幼兒保育學系(台北校區),2,2,0,1,0,0,0,0,0,0,29,105.60 
3366,佛光大學,文化資產與創意學系,2,1,0,0,2,2,0,0,0,0,3,252.50 
3367,佛光大學,傳播學系(數位媒體組),2,1,0,0,2,2,0,0,0,0,6,226.00 
3370,佛光大學,傳播學系(廣告公關組),2,1,0,0,2,2,0,0,0,0,5,257.90 
3371,佛光大學,傳播學系(流行音樂傳播組),2,1,0,0,2,2,0,0,0,0,6,305.30 
3372,佛光大學,產品媒體設計系(創意設計組),2,1,0,0,2,2,0,0,0,0,7,260.60 
3373,佛光大學,產品媒體設計系(視傳媒體組),2,1,0,0,2,2,0,0,0,0,8,210.00 
3374,佛光大學,資訊應用系資訊系統與管理組,2,1,0,0,2,2,0,0,0,0,2,202.00 
3375,佛光大學,資訊應用學系網路與多媒體組,2,2,0,1.75,0,0,0,0,0,0,7,130.80 
3376,佛光大學,資訊應用系學習與數位科技組,2,1,0,0,2,2,0,0,0,0,4,229.20 
3377,佛光大學,中國文學與應用學系,2,1,0,0,2,2,0,0,0,0,3,228.20 
3400,佛光大學,歷史學系,2,1,0,0,2,2,0,0,0,0,8,272.50 
3401,佛光大學,外國語文學系,2,2,0,0,2,1,0,0,0,0,5,270.60 
3402,佛光大學,社會學系,2,1,0,0,2,2,0,0,0,0,13,219.10 
3403,佛光大學,心理學系,2,2,0,1.75,0,0,0,0,0,0,3,274.80 
3404,佛光大學,公共事務系國際與兩岸事務組,2,1,0,0,2,2,0,0,0,0,0,--
3405,佛光大學,公共事務系政策與行政管理組,2,1,0,0,2,2,0,0,0,0,4,237.20 
3406,佛光大學,管理學系(經營管理組),2,1,0,0,2,2,0,0,0,0,8,277.50 
3407,佛光大學,管理學系(行銷與創業組),2,1,0,0,2,2,0,0,0,0,3,208.80 
3410,佛光大學,應用經濟學系(財務金融組),2,0,0,1,2,2,0,0,0,0,6,203.00 
3411,佛光大學,應用經濟學系(產業趨勢組),2,0,0,0,2,1.75,0,0,0,0,1,212.30 
3412,佛光大學,未來與樂活產業學系,2,1,0,0,2,2,0,0,0,0,5,223.30 
3413,亞洲大學,健康產業管理系(健康產業組),2,1,0,1,2,2,0,0,0,0,6,402.40 
3414,亞洲大學,健康產業管理系(醫療機構組),2,1,0,1,2,2,0,0,0,0,3,418.30 
3415,亞洲大學,食品營養保健系(食品營養組),2,1.5,0,0,0,0,0,0,0,2,16,247.30 
3416,亞洲大學,食品營養保健系(化妝品組),2,1.5,0,0,0,0,2,0,0,0,4,285.85 
3417,亞洲大學,生物科技學系(醫藥應用組),2,1,0,0,0,0,0,0,1,2,14,259.50 
3420,亞洲大學,生物科技學系(產業管理組),2,1,0,2,0,0,0,0,0,0,7,197.60 
3421,亞洲大學,心理學系(心理師研修組),2,2,0,0,1,0,2,0,0,0,2,465.50 
3422,亞洲大學,心理學系(諮商與臨床心理組),2,2,0,0,1,0,2,0,0,0,19,381.80 
3423,亞洲大學,護理學系國際護理組,0,2,0,1,0,0,0,0,0,2,20,244.00 
3424,亞洲大學,護理學系臨床照護組,0,1.5,0,1,0,0,0,0,0,2,19,207.20 
3425,亞洲大學,視光學系,1.5,1,0,0,0,0,0,0,0,2,3,272.90 
3426,亞洲大學,聽力暨語言治療學系,1,2,0,0,0,0,0,0,0,1.5,2,310.55 
3427,亞洲大學,職能治療學系,1,1.5,0,0,0,0,0,0,0,1,8,222.85 
3430,亞洲大學,生資醫學工程系(生醫資訊組),2,0,0,1,0,0,2,0,0,0,4,248.80 
3431,亞洲大學,生資醫學工程系(醫學工程組),2,0,0,1,0,0,2,0,0,0,7,237.00 
3432,亞洲大學,資訊工程系(大數據與物聯組),2,0,0,1,2,2,0,0,0,0,12,346.00 
3433,亞洲大學,資訊工程學系(數位內容組),2,0,0,1,2,2,0,0,0,0,13,346.60 
3434,亞洲大學,行動商務多媒體系(多媒體組),2,0,0,1,2,2,0,0,0,0,2,365.20 
3435,亞洲大學,行動商務多媒體系(商務組),2,0,0,1,2,2,0,0,0,0,3,353.60 
3436,亞洲大學,光電與通訊學系(光電綠能組),2,1.75,0,2,0,0,0,0,0,0,1,257.55 
3437,亞洲大學,光電與通訊學系(通訊網路組),2,1.75,0,2,0,0,0,0,0,0,4,219.30 
3440,亞洲大學,資訊傳播學系(媒體傳播組),1,0,0,0,2,2,0,0,0,0,6,289.20 
3441,亞洲大學,資訊傳播學系(影視媒體組),1,0,0,0,2,2,0,0,0,0,7,287.70 
3442,亞洲大學,經營管理系(企業創新管理組),2,0,0,0,1,2,2,0,0,0,4,408.30 
3443,亞洲大學,經營管理學系(行銷管理組),2,0,0,0,2,1,2,0,0,0,7,399.80 
3444,亞洲大學,經營管理學系國際企業管理組,2,0,0,0,2,1,2,0,0,0,15,377.40 
3445,亞洲大學,休閒遊憩管理系(餐旅事業組),2,1,0,0,0,2,0,0,0,0,15,231.80 
3446,亞洲大學,休閒遊憩管理系(旅遊事業組),2,1,0,0,0,2,0,0,0,0,16,228.80 
3447,亞洲大學,會計與資訊學系(財稅應用組),2,1,0,1,0,2,0,0,0,0,14,253.20 
3450,亞洲大學,會計與資訊學系(管理應用組),2,1,0,1,0,2,0,0,0,0,8,253.50 
3451,亞洲大學,財務金融學系(投資理財組),1,1,0,1,0,2,0,0,0,0,17,215.90 
3452,亞洲大學,財務金融學系(金融科技組),1,1,0,1,0,2,0,0,0,0,14,212.00 
3453,亞洲大學,財經法律學系(科技法律組),2,0,0,0,2,1,2,0,0,0,20,405.00 
3454,亞洲大學,財經法律學系(財經法律組),2,0,0,0,2,1,2,0,0,0,23,414.80 
3455,亞洲大學,外國語文系(語文專業應用組),2,2,0,0,1.5,0,0,0,0,0,17,231.85 
3456,亞洲大學,外國語文系(語文商務溝通組),2,2,0,0,1.5,0,0,0,0,0,17,236.40 
3457,亞洲大學,社會工作學系(社工心理組),1,0,0,1,2,2,2,0,0,0,6,485.90 
3460,亞洲大學,社會工作系(醫務與長照組),1,1,0,0,2,2,2,0,0,0,19,431.60 
3461,亞洲大學,幼兒教育學系(幼兒文創組),2,1.5,0,0,1.5,1,0,0,0,0,2,296.10 
3462,亞洲大學,幼兒教育學系(幼兒師資組),2,1.5,0,0,1.5,0,1,0,0,0,5,307.85 
3463,亞洲大學,數位媒體設計系(數位動畫組),1,0,0,0,2,2,0,0,0,0,16,300.90 
3464,亞洲大學,數位媒體設計系(數位遊戲組),1,0,0,0,2,2,0,0,0,0,6,304.60 
3465,亞洲大學,視覺傳達設計系(企業形象組),1,0,0,0,2,2,0,0,0,0,16,277.10 
3466,亞洲大學,視覺傳達設計系(產業視覺組),1,0,0,0,2,2,0,0,0,0,15,282.00 
3467,亞洲大學,創意商品設計系(流行精品組),2,1,0,0,2,2,0,0,0,0,12,350.30 
3470,亞洲大學,創意商品設計系(創意商品組),2,1,0,0,2,2,0,0,0,0,12,356.90 
3471,亞洲大學,時尚設計系(時尚服裝設計組),2,1,0,0,2,2,0,0,0,0,5,413.80 
3472,亞洲大學,時尚設計系(時尚精品設計組),2,1,0,0,2,2,0,0,0,0,8,354.20 
3473,亞洲大學,室內設計學系(商業空間組),1,1,0,0,2,2,0,0,0,0,8,360.10 
3474,亞洲大學,室內設計學系(住宅空間組),1,1,0,0,2,2,0,0,0,0,7,373.40 
3475,亞洲大學,創意設計學院國際設計班,1,1,0,0,2,2,0,0,0,0,6,340.60 
3476,國立宜蘭大學,外國語文學系,1.5,2,0,0,1,1,0,0,0,0,15,331.40 
3477,國立宜蘭大學,應用經濟與管理學系,1,1,0,1,1,1,0,0,0,0,28,301.80 
3500,國立宜蘭大學,休閒產業與健康促進學系,1,1.5,0,1,1,2,0,0,0,0,19,366.20 
3501,國立宜蘭大學,土木工程學系,2,0,1,0,0,0,0,1,1,0,19,222.00 
3502,國立宜蘭大學,機械與機電工程學系,1,1,1,0,0,0,0,1,1,0,52,190.30 
3503,國立宜蘭大學,化學工程與材料工程學系,1,1,1.5,0,0,0,0,1.5,1.5,0,42,265.10 
3504,國立宜蘭大學,環境工程學系,1.5,1.5,1.5,0,0,0,0,0,1,0,18,219.60 
3505,國立宜蘭大學,生物機電工程學系,2,1,1.5,0,0,0,0,2,0,0,22,262.80 
3506,國立宜蘭大學,食品科學系,1,1.5,1,0,0,0,0,0,1.5,2,13,330.50 
3507,國立宜蘭大學,生物技術與動物科學系,1,1,0,0,0,0,0,0,1,2,28,245.90 
3510,國立宜蘭大學,森林暨自然資源學系,1,1.5,1,0,0,0,0,0,1.5,1.5,21,263.90 
3511,國立宜蘭大學,園藝學系,1,1,0,0,0,0,0,0,1,2,23,233.00 
3512,國立宜蘭大學,電機工程學系,1,1,1,0,0,0,0,1,0,0,20,188.00 
3513,國立宜蘭大學,電子工程學系,1.5,1,1,0,0,0,0,1.5,0,0,30,219.05 
3514,國立宜蘭大學,資訊工程學系,1,2,1,0,0,0,0,1,0,0,22,239.90 
3515,國立聯合大學,機械工程學系,2,1,2,0,0,0,0,2,1,0,45,272.40 
3516,國立聯合大學,化學工程學系,1,1,2,0,0,0,0,1,2,0,18,266.60 
3517,國立聯合大學,材料科學工程學系,1,1,1.5,0,0,0,0,1.5,1.5,0,14,239.80 
3520,國立聯合大學,環境與安全衛生工程系(甲組),1.5,1,1,0,0,0,0,0,2,0,9,203.35 
3521,國立聯合大學,環境與安全衛生工程系(乙組),1.5,1,1,0,0,0,0,0,0,2,8,228.80 
3522,國立聯合大學,土木與防災工程學系,2,1,1,0,0,0,0,2,0,0,16,214.80 
3523,國立聯合大學,能源工程學系,1,1,2,0,0,0,0,2,2,0,21,252.90 
3524,國立聯合大學,建築學系,2,2,1.75,0,0,0,0,0,0,0,14,251.85 
3525,國立聯合大學,工業設計學系(自然組),2,2,1.5,0,0,0,0,0,0,0,22,207.10 
3526,國立聯合大學,工業設計學系(社會組),2,2,0,1.5,0,0,0,0,0,0,5,294.40 
3527,國立聯合大學,電機工程學系,0,1,1.25,0,0,0,0,1.25,0,0,45,132.50 
3530,國立聯合大學,電子工程學系(甲組),2,1,2,0,0,0,0,2,0,0,12,260.00 
3531,國立聯合大學,電子工程學系(乙組),2,1,2,0,0,0,0,0,2,0,12,248.80 
3532,國立聯合大學,光電工程學系,1.5,0,1,0,0,0,0,2,1.5,0,23,209.45 
3533,國立聯合大學,資訊工程學系(A組),1.75,2,2,0,0,0,0,0,0,0,14,240.23 
3534,國立聯合大學,資訊工程學系(B組),1.75,2,0,2,0,0,0,0,0,0,14,294.23 
3535,國立聯合大學,經營管理學系,1,2,0,2,0,0,0,0,0,0,38,239.00 
3536,國立聯合大學,財務金融學系,1,1.5,0,1.5,0,1,0,0,0,0,29,273.35 
3537,國立聯合大學,資訊管理學系,1.75,2,0,2,0,0,0,0,0,0,24,290.53 
3540,國立聯合大學,臺灣語文與傳播學系,2,2,0,0,2,1,0,0,0,0,15,383.60 
3541,國立聯合大學,華語文學系,2,2,0,0,2,0,1,0,0,0,32,354.80 
3542,國立聯合大學,文化觀光產業學系,2,2,0,0,2,1,0,0,0,0,18,363.20 
3543,國立聯合大學,文化創意與數位行銷學系,2,1,0,0,2,1,2,0,0,0,29,466.50 
3544,馬偕醫學院,醫學系,0,1,1,0,0,0,0,1,1,1,10,432.40 
3545,馬偕醫學院,護理學系,1.5,1.5,1,0,0,0,0,0,1,1.5,28,362.80 
3546,馬偕醫學院,聽力暨語言治療學系聽力組,1,1.5,1,0,0,0,0,1.5,0,1,12,391.95 
3547,馬偕醫學院,聽力暨語言治療學系語言組,1.25,1.25,1,0,0,0,0,1,0,1.5,8,412.33 
3550,國立金門大學,應用英語學系,1.75,2,0,0,1,0,0,0,0,0,17,232.40 
3551,國立金門大學,運動與休閒學系,2,1.75,0,1,0,0,0,0,0,0,31,186.25 
3552,國立金門大學,企業管理學系,1.75,2,0,2,1,1,0,0,0,0,21,365.40 
3553,國立金門大學,電子工程學系,1,1,1,0,0,0,0,1,1,0,28,150.60 
3554,國立金門大學,食品科學系,1,1.5,0,0,0,0,0,0,2,2,16,264.20 
3555,國立金門大學,土木與工程管理學系,1,1.75,2,0,0,0,0,2,0,0,16,197.88 
3556,國立金門大學,觀光管理學系,2,2,0,1.5,1,1,0,0,0,0,22,342.00 
3557,國立金門大學,資訊工程學系,1,1.5,1.5,0,0,0,0,0,0,0,16,144.50 
3560,國立金門大學,建築學系,2,2,1.75,0,0,0,0,1,0,0,10,257.70 
3561,國立金門大學,國際暨大陸事務學系,2,2,0,0,1,0,1.5,0,0,0,22,337.80 
3562,國立金門大學,華語文學系,2,1,0,0,1.5,1,0,0,0,0,19,296.50 
3563,國立金門大學,海洋與邊境管理學系,2,1.25,0,0,1,1,2,0,0,0,6,463.15 
3564,國立金門大學,工業工程與管理學系,1,2,0,2,0,0,0,0,0,0,21,203.60 
3565,國立金門大學,都市計畫與景觀學系,1.5,1,0,1.5,0,0,0,0,0,0,19,167.85 
3566,國立金門大學,社會工作學系,2,2,0,1.5,0,0,1,0,0,0,18,287.80 
3567,國立金門大學,長期照護學系,2,1,0,1,2,2,0,0,0,0,15,427.30 
3570,國立金門大學,護理學系,1,1.5,1,0,0,0,0,0,1,1.5,20,255.15 
